id;nom;statut;famille;livraison;tags;cible;comportement;valeurs;visuel;acces;limites
JUT_001;Katon — Gōkakyū no Jutsu (Grande boule de feu);OA;KATON;PROJECTILE;"[""E_KATON"", ""EXPLOSIF""]";plus_dense;"Boule lente qui grossit en vol ; explose au premier ennemi ou à 7 m et laisse une flaque de feu 1 s.";"Impact 30 ; explosion 12 (r 1,5 m) ; délai 2,0 s ; vitesse 6 m/s ; rayon proj. 0,8 m ; Brûlure +1";"Masse orange irrégulière à cœur jaune pâle, langues de feu vers l'arrière ; explosion en fleur à 6 lobes, braises retombantes.";ELEM_KATON;"1 boule active par tranche de Quantité ; flaque non cumulable sur elle-même."
JUT_002;Katon — Hōsenka no Jutsu (Fleurs de phénix);OA;KATON;SALVE;"[""E_KATON""]";plus_proche;5 petites flammes en éventail de 60° qui s'incurvent chacune vers une cible différente (ciblage réparti).;"9 par flamme ; délai 1,4 s ; vitesse 10 m/s ; portée 8 m ; Brûlure +1 par touche";"Petites flammes ovales à traîne courbe, trajectoires en pétales ; micro-éclat en étoile à l'impact.";ELEM_KATON;Une même cible reçoit au plus 2 flammes par salve.
JUT_003;Katon — Ryūka no Jutsu (Flamme du dragon);OA;KATON;RAYON;"[""E_KATON"", ""PERCANT""]";plus_menacant;Jet de flammes linéaire maintenu 0,6 s qui balaie légèrement (±8°) vers la cible.;"6 par tick de 0,2 s ; longueur 9 m ; largeur 0,5 m ; délai 3,0 s";"Colonne de flamme segmentée en écailles, tête de dragon esquissée en 6 px au bout ; fumée en bordure.";ELEM_KATON;S'arrête sur les obstacles hauts.
JUT_004;Katon — Karyū Endan (Balles de flammes du dragon);OA;KATON;CONE;"[""E_KATON""]";direction;"Souffle continu en cône de 70° pendant 1 s dans la direction de déplacement ; pose de la Brûlure progressive.";"5 par tick de 0,25 s ; portée 4 m ; délai 2,5 s ; Brûlure +1 par 2 ticks";Nappe de feu qui s'élargit, bordures dentelées, cœur blanc-jaune près de la bouche.;ELEM_KATON;Intervalle par cible 0,25 s.
JUT_005;Katon — Haisekishō (Nuage de cendres ardentes);OA;KATON;DIFFERE;"[""E_KATON"", ""TERRAIN"", ""CONTROLE""]";plus_dense;"Dépose un nuage de cendres (r 3 m) qui Aveugle ; 1,2 s plus tard une étincelle l'embrase.";"Embrasement 35 ; Aveuglé 2 s ; délai 5,0 s ; surface CENDRE 3 s";Nuage gris-beige en volutes à contours foncés, étincelle unique qui court puis flash orange contenu.;ELEM_KATON;1 nuage actif (+1 par Quantité, max 3).
JUT_006;Katon — Gōryūka no Jutsu (Têtes de dragon de feu);OA;KATON;DIFFERE;"[""E_KATON"", ""EXPLOSIF""]";plus_dense;Trois têtes de dragon plongent successivement (0,3 s d'écart) sur les trois zones les plus denses.;"26 par impact ; rayon 1,4 m ; télégraphe allié 0,6 s ; délai 4,0 s";"Tête de dragon dessinée (16×24 px) plongeant en diagonale ; cratère de flammes en étoile.";ELEM_KATON+CLAN_UCHIHA;Les zones ne se chevauchent pas à plus de 50 %.
JUT_007;Katon — Gōka Mekkyaku (Destruction par le grand feu);OA;KATON;ONDE;"[""E_KATON"", ""PERCANT""]";direction;Mur de flammes de 10 m de large qui avance de 8 m devant le joueur puis se dissipe.;"40 ; vitesse du mur 6 m/s ; délai 6,0 s ; Brûlure +2";"Front de feu épais à crête irrégulière, arrière qui noircit en fumée ; sol calciné temporaire.";ELEM_KATON+CLAN_UCHIHA;1 touche par cible par mur.
JUT_008;Katon — Zukokku (Pression de feu);OA;KATON;PROJECTILE;"[""E_KATON"", ""EXPLOSIF""]";plus_dense;Orbe très lent (2 m/s) qui détone si un ennemi passe à 1 m ou après 3 s de vol.;"50 ; rayon 3 m ; délai 5,5 s ; recul léger";"Sphère sombre à contour orange pulsant, halo de chaleur ; détonation en dôme puis anneau de fumée.";ELEM_KATON;Max 2 orbes en vol.
JUT_009;Katon — Endan (Balle de flamme);OA;KATON;PROJECTILE;"[""E_KATON"", ""PERCANT""]";plus_proche;Tir rapide de base qui transperce 2 ennemis en ligne droite.;"14 ; délai 0,9 s ; vitesse 12 m/s ; portée 10 m ; perce 2";"Goutte de feu allongée, traîne courte à 3 frames ; éclat latéral à chaque traversée.";ELEM_KATON;—
JUT_010;Katon — Gamayu Endan (Flammes à l'huile de crapaud);OA;KATON;CONE;"[""E_KATON"", ""TERRAIN""]";plus_dense;Crache d'abord un cône d'huile (surface HUILE), puis l'embrase 0,5 s plus tard : combo en deux temps.;"Huile 0 ; embrasement 30 + Brûlure +2 ; portée 5 m ; angle 50° ; délai 4,5 s";Gerbe brun-jaune luisante, puis vague de feu épaisse qui suit exactement la nappe.;ELEM_KATON+CTR_CRAPAUD;Déclenche SYN_003 une fois par utilisation.
JUT_011;Sillage de braises;CO;KATON;ZONE;"[""E_KATON"", ""PERSISTANT""]";aucune;Le déplacement du joueur laisse des cellules de braises (1 cellule/0,25 s) qui brûlent 1,5 s.;"4 par tick de 0,5 s ; Brûlure +1 ; largeur 1 m ; actif en permanence";Empreintes incandescentes qui passent du jaune au rouge sombre en 4 frames.;ELEM_KATON;"Max 12 cellules actives ; nul à l'arrêt."
JUT_012;Braises en éventail;CO;KATON;SALVE;"[""E_KATON"", ""TERRAIN""]";plus_dense;Lance 4 braises en cloche qui retombent et créent chacune une petite flaque de feu 2 s.;"Impact 10 ; flaque 3/0,5 s (r 0,8 m) ; délai 2,2 s ; portée 6 m";Braises rondes à arc visible (ombre au sol qui rétrécit), flaques en étoile basse.;ELEM_KATON;Max 8 flaques.
JUT_013;Couronne de flammes;CO;KATON;ORBITE;"[""E_KATON""]";aucune;"3 feux follets orbitent à 2 m ; chaque passage applique Brûlure +1 au lieu de gros dégâts.";"6 par passage ; Brûlure +1 ; rotation 1 tour/1,8 s ; durée 5 s ; délai 7 s";Flammes en goutte inversée, traîne en spirale, alternance de 2 tailles pour éviter l'uniformité.;ELEM_KATON;Intervalle par cible 0,5 s par follet.
JUT_014;Mine de braise;CO;KATON;PIEGE;"[""E_KATON"", ""EXPLOSIF""]";chemin;"Pose une étiquette de feu sur le chemin prévu des ennemis ; explose au contact.";"28 ; rayon 1,8 m ; armement 0,5 s ; durée 12 s ; délai 2,0 s";"Petit sceau orange au sol, clignotement lent ; explosion en colonne courte.";ELEM_KATON;Max 4 mines.
JUT_015;Soufflet ardent;CO;KATON;ONDE;"[""E_KATON""]";aucune;"Anneau de chaleur qui part du joueur jusqu'à 4 m ; repousse légèrement.";"18 ; Brûlure +1 ; recul 0,8 m ; délai 3,0 s";Anneau de 2 px d'épaisseur à ondulation, distorsion de chaleur sur le sol.;ELEM_KATON;1 touche par cible par onde.
JUT_016;Fil incandescent;CO;KATON;ZONE;"[""E_KATON"", ""PERSISTANT""]";plus_dense;"Tend un fil enflammé de 6 m entre deux kunai plantés de part et d'autre de la cible ; brûle ce qui le traverse.";"8 par tick de 0,5 s ; Brûlure +1 ; durée 3 s ; délai 3,5 s";"Deux kunai noirs, ligne de 1 px blanche entourée de flammèches ; claquement au déploiement.";ELEM_KATON;Max 2 fils.
JUT_017;Katon — Hōsenka Tsumabeni (Fleurs de phénix aux griffes rouges);OA;KATON;SALVE;"[""E_KATON"", ""PERCANT""]";plus_proche;4 boules de feu contenant chacune un shuriken : après l'impact du feu, le shuriken poursuit sa course et perce 2 cibles.;"Feu 8 ; shuriken 7 (perce 2) ; délai 1,8 s ; vitesse 11 m/s";"Boules translucides laissant voir une silhouette de shuriken ; le shuriken ressort incandescent.";ELEM_KATON;Les shuriken comptent comme OUTIL pour les synergies.
JUT_018;Katon — Dai Endan (Grande balle de flamme);AV;KATON;PROJECTILE;"[""E_KATON""]";plus_proche;Grosse balle qui, à l'impact, se divise en 4 flammèches en croix.;"Impact 24 ; éclats 4 × 8 ; délai 2,4 s ; vitesse 8 m/s";"Sphère ondulante, division en 4 gouttes orientées ; les éclats laissent une traîne de 2 frames.";ELEM_KATON;Les éclats sont SECONDAIRE.
JUT_019;Colonne de feu;CO;KATON;DIFFERE;"[""E_KATON""]";plus_menacant;Cercle d'avertissement allié sous la cible, puis pilier de feu qui projette les ennemis ordinaires en l'air (0,4 s d'inaction).;"36 ; rayon 1,2 m ; délai d'impact 0,8 s ; délai 3,2 s";Sceau circulaire au sol, jaillissement vertical sur 48 px, ennemis soulevés de 8 px.;ELEM_KATON;Soulèvement sans effet sur les boss (converti en Vulnérable +5 %).
JUT_020;Lanterne ardente;CO;KATON;ZONE;"[""E_KATON"", ""MOBILE""]";aucune;Une lanterne de chakra suit le joueur à 1,5 m derrière lui et irradie une aura brûlante.;"6 par tick de 0,5 s ; rayon 1,8 m ; permanente";"Lanterne en papier stylisée (12×14 px), halo à 2 anneaux pulsés ; reste lisible sur fond sombre grâce à un contour brun.";ELEM_KATON;Pas d'instance supplémentaire via Quantité (augmente le rayon de 10 % à la place).
JUT_021;Salamandre ardente;CO;KATON;CHAINE;"[""E_KATON"", ""MOBILE""]";plus_proche;Une salamandre de feu rampe au sol vers une cible puis bondit vers 2 cibles voisines (trajet physique visible entre chaque saut).;"16 par cible ; 3 cibles ; portée de saut 3,5 m ; −10 % par saut ; délai 2,0 s";Lézard de 10 px en 4 frames de reptation, traînée de braises, bond en arc.;ELEM_KATON;Jamais deux fois la même cible.
JUT_022;Barrière de flammes;CO;KATON;ZONE;"[""E_KATON"", ""PERSISTANT""]";aucune;Élève derrière le joueur (perpendiculairement à sa course) un mur de feu de 5 m qui détruit les petits projectiles ennemis.;"20 à la traversée ; Brûlure +2 ; durée 4 s ; délai 8,0 s ; bloque 6 projectiles";"Rideau vertical de flammes hautes (24 px), base rouge, sommet jaune ; les projectiles bloqués crépitent.";ELEM_KATON;Ne bloque pas les attaques télégraphiées lourdes.
JUT_023;Pluie de braises;CO;KATON;DIFFERE;"[""E_KATON""]";aleatoire_pondere;8 impacts aléatoires dans un rayon de 5 m autour du joueur répartis sur 1,6 s (pondérés vers les ennemis).;"10 par impact ; rayon d'impact 0,8 m ; délai 4,0 s";Points lumineux qui tombent en diagonale, micro-cratères orange.;ELEM_KATON;Jamais deux impacts au même point dans 0,3 s.
JUT_024;Cœur de forge;CO;KATON;PROJECTILE;"[""E_KATON"", ""MARQUE""]";plus_menacant;"Braise qui se fiche dans une cible et chauffe : dégâts croissants 3 s puis explosion ; si la cible meurt, la braise saute sur l'ennemi le plus proche.";"4 → 8 → 12 par s ; explosion 30 (r 1,6 m) ; délai 3,5 s";Point incandescent passant du rouge au blanc, fissures lumineuses sur la cible.;ELEM_KATON;1 saut maximum.
JUT_025;Suiton — Suiryūdan no Jutsu (Dragon d'eau);OA;SUITON;PROJECTILE;"[""E_SUITON"", ""PERCANT""]";plus_dense;Dragon d'eau à trajectoire sinusoïdale (amplitude 1 m) qui perce 3 ennemis et les laisse Trempés.;"22 ; délai 2,2 s ; vitesse 8 m/s ; portée 11 m ; perce 3 ; Trempé 2 s";Corps segmenté de 5 volumes bleus translucides à crête blanche, gerbes à chaque ondulation.;ELEM_SUITON;—
JUT_026;Suiton — Suijinheki (Mur d'eau);OA;SUITON;ONDE;"[""E_SUITON"", ""BOUCLIER""]";aucune;Un mur d'eau circulaire jaillit du joueur jusqu'à 2,5 m : repousse, détruit les projectiles ordinaires et laisse un anneau d'eau au sol.;"12 ; recul 2 m ; détruit jusqu'à 10 projectiles ; délai 7,0 s ; surface EAU 4 s";Anneau vertical d'eau en 3 frames montantes, crête d'écume, retombée en pluie.;ELEM_SUITON;Les projectiles télégraphiés de boss ne sont pas détruits.
JUT_027;Suiton — Suirō no Jutsu (Prison aqueuse);OA;SUITON;ZONE;"[""E_SUITON"", ""CONTROLE""]";plus_menacant;Enferme l'ennemi le plus menaçant (élite en priorité) dans une sphère d'eau : immobile, dégâts continus.;"10 par tick de 0,5 s ; durée 2,5 s ; délai 6,0 s";Sphère bleue à reflets, silhouette de la cible déformée à l'intérieur, bulles montantes.;ELEM_SUITON;"Boss : soumis à la résistance de contrôle ; 1 prison active."
JUT_028;Suiton — Kirigakure no Jutsu (Brume dissimulatrice);OA;SUITON;ZONE;"[""E_SUITON"", ""CONTROLE""]";aucune;"Brume de 4 m autour du joueur : les ennemis dedans sont Aveuglés ; les coups du joueur sur ces cibles gagnent +15 % de chance critique.";"0 dégât ; durée 4 s ; délai 10 s";"Couche de brume en tramage à 2 niveaux, bords diffus en dithering ; le joueur reste net (contour conservé).";ELEM_SUITON;La brume n'occulte jamais les télégraphes ennemis (dessinés au-dessus).
JUT_029;Suiton — Suikōdan no Jutsu (Requin missile);OA;SUITON;PROJECTILE;"[""E_SUITON""]";plus_proche;Requin d'eau à tête chercheuse (virage 180°/s) qui mord deux fois sa cible puis se disperse.;"2 × 14 ; délai 1,6 s ; vitesse 9 m/s ; portée 10 m";Requin de 14 px, nageoire dorsale nette, gueule qui s'ouvre sur 2 frames.;ELEM_SUITON;—
JUT_030;Suiton — Daibakufu no Jutsu (Grande cascade);OA;SUITON;ONDE;"[""E_SUITON"", ""TERRAIN""]";aucune;Immense vague circulaire qui balaie jusqu'à 7 m, repousse fortement et inonde l'anneau parcouru.;"34 ; recul 3 m ; délai 9,0 s ; surface EAU 5 s";Vague haute de 20 px avec écume dessinée en crochets, sol assombri et luisant après passage.;ELEM_SUITON;Recul réduit de 70 % dans les zones alliées persistantes (§B8.4).
JUT_031;Suiton — Teppōdama (Balle d'eau);OA;SUITON;PROJECTILE;"[""E_SUITON"", ""REBOND""]";plus_menacant;Boule d'eau lourde qui ricoche 2 fois sur obstacles ou ennemis et projette sa cible.;"30 ; recul 2,5 m ; délai 2,6 s ; vitesse 10 m/s ; 2 rebonds";Sphère compacte à reflet en croissant, gerbe en éventail à chaque rebond.;ELEM_SUITON;Rebond jamais deux fois sur la même cible d'affilée.
JUT_032;Suiton — Bakusui Shōha (Onde de choc explosive d'eau);OA;SUITON;ZONE;"[""E_SUITON"", ""TERRAIN"", ""PERSISTANT""]";aucune;"Inonde un disque de 6 m autour du joueur ; les ennemis y sont ralentis de 20 % et Trempés en continu.";"3 par tick de 0,5 s ; durée 5 s ; délai 12 s ; surface EAU";Nappe d'eau en 3 tons avec vaguelettes animées (4 frames en boucle), reflets du décor.;ELEM_SUITON;"1 inondation active ; plafond de surface §B8.3."
JUT_033;Suiton — Goshokuzame (Cinq requins voraces);OA;SUITON;ORBITE;"[""E_SUITON""]";aucune;5 requins tournent à grande distance (3,5 m) et plongent vers un ennemi proche de leur orbite avant de reprendre leur place.;"12 par morsure ; rotation 1 tour/3 s ; durée 6 s ; délai 9 s";Ailerons émergeant d'un sillage d'écume, plongée en arc de 4 frames.;ELEM_SUITON;1 plongée par requin par seconde.
JUT_034;Suiton — Suidanha (Onde tranchante d'eau);OA;SUITON;RAYON;"[""E_SUITON"", ""PERCANT""]";plus_menacant;Jet d'eau à très haute pression, instantané, qui traverse tout sur sa longueur.;"38 ; longueur 12 m ; largeur 0,25 m ; délai 3,4 s";Ligne blanche de 2 px bordée de bleu, fine brume à l'arrivée, sol entaillé 0,5 s.;ELEM_SUITON;Traverse les obstacles bas, pas les hauts.
JUT_035;Suiton — Mizurappa (Vague déchaînée);AV;SUITON;CONE;"[""E_SUITON""]";plus_dense;Jet d'eau conique qui repousse et Trempe tous les ennemis touchés.;"16 ; angle 45° ; portée 5 m ; recul 2 m ; délai 2,4 s";Cône d'eau en gerbes parallèles, gouttes projetées en bordure.;ELEM_SUITON;—
JUT_036;Bulles dérivantes;CO;SUITON;ZONE;"[""E_SUITON"", ""CONTROLE""]";aleatoire_pondere;"Libère 6 bulles qui dérivent lentement ; un ennemi touché est enfermé 1 s puis la bulle éclate.";"Éclatement 14 ; emprisonnement 1 s ; durée de vie 6 s ; délai 5 s";Cercles irisés à reflet mobile, éclatement en 4 gouttes.;ELEM_SUITON;"Max 12 bulles ; une bulle = 1 cible."
JUT_037;Fouet d'eau;CO;SUITON;CONTACT;"[""E_SUITON""]";plus_proche;"Coup de fouet en arc de 140° à longue allonge (3,5 m) devant le joueur ; la pointe inflige le double.";"12 (pointe 24) ; délai 1,2 s";"Ruban d'eau qui se déroule en 3 frames et claque ; éclaboussure en pointe.";ELEM_SUITON;Pointe : derniers 0,6 m de l'arc.
JUT_038;Geyser;CO;SUITON;DIFFERE;"[""E_SUITON"", ""TERRAIN""]";plus_dense;Le sol se gonfle sous le groupe le plus dense puis une colonne d'eau jaillit, Trempe et soulève.;"28 ; rayon 1,5 m ; délai d'impact 0,8 s ; délai 3,5 s ; surface EAU 3 s";Fissures humides au sol, colonne blanche de 40 px, retombée en gouttes lourdes.;ELEM_SUITON;—
JUT_039;Averse;CO;SUITON;ZONE;"[""E_SUITON"", ""MOBILE""]";aucune;Pluie localisée de 6 m centrée sur le joueur : chaque seconde, les ennemis dedans sont Trempés et subissent de légers dégâts.;"3 par s ; Trempé ; durée 6 s ; délai 11 s";Traits de pluie obliques (1 px) en 2 couches de parallaxe, cercles d'impact au sol.;ELEM_SUITON;Technique de préparation : faible dégât intentionnel.
JUT_040;Tourbillon;CO;SUITON;ZONE;"[""E_SUITON"", ""ATTRACTION"", ""PERSISTANT""]";plus_dense;Maelström au sol qui attire les ennemis ordinaires vers son centre et les blesse.;"5 par tick de 0,5 s ; attraction 1,2 m/s ; rayon 2,5 m ; durée 4 s ; délai 7 s";Spirale d'eau en 6 frames de rotation, écume au centre.;ELEM_SUITON;"Max 2 tourbillons ; boss non attirés."
JUT_041;Lame de marée;CO;SUITON;PROJECTILE;"[""E_SUITON"", ""PERCANT""]";direction;Croissant d'eau lancé vers l'avant qui revient au joueur (boomerang) en touchant à l'aller et au retour.;"15 par passage ; portée 6 m ; délai 2,0 s ; perce illimité";Croissant bleu à bord blanc, rotation 4 frames, gouttes en traîne.;ELEM_SUITON;1 touche par cible par passage.
JUT_042;Sphère gardienne;CO;SUITON;ORBITE;"[""E_SUITON"", ""BOUCLIER""]";aucune;Une grosse sphère d'eau orbite lentement à 2,5 m et absorbe les projectiles ennemis qu'elle croise.;"10 au contact ; absorbe 1 projectile/0,5 s ; permanente";"Sphère de 16 px avec reflet et caustiques ; un projectile absorbé y tourne 0,3 s puis s'éteint.";ELEM_SUITON;Quantité : +1 sphère (max 3).
JUT_043;Sensatsu Suishō (Mille aiguilles d'eau);OA;SUITON;DIFFERE;"[""E_SUITON""]";plus_menacant;"Des aiguilles d'eau se forment en cercle autour d'une cible puis convergent ; bonus ×1,5 si la cible est sur une surface EAU.";"12 aiguilles × 3 ; rayon de formation 2 m ; délai d'impact 0,5 s ; délai 2,8 s";Aiguilles blanches de 3 px en couronne, convergence en 3 frames, éclat en étoile.;ELEM_SUITON;Aiguilles hors cible principale : touchent les ennemis traversés à 50 %.
JUT_044;Ricochet de gouttes;CO;SUITON;PROJECTILE;"[""E_SUITON"", ""REBOND""]";plus_proche;Petite goutte qui rebondit 4 fois d'ennemi en ennemi en accélérant.;"9 (+2 par rebond) ; délai 1,0 s ; vitesse 10 → 16 m/s";Goutte en larme qui s'aplatit à chaque rebond (squash 2 frames).;ELEM_SUITON;Rebond sur cible déjà touchée interdit.
JUT_045;Flaque piégée;CO;SUITON;PIEGE;"[""E_SUITON"", ""CONTROLE"", ""TERRAIN""]";chemin;"Pose des flaques sur le trajet des ennemis ; la première victime est prise dans une gerbe qui l'Entrave 1 s et Trempe ses voisins.";"18 ; Entravé 1 s ; rayon de gerbe 1,5 m ; max 3 flaques ; délai 3,0 s";Flaque plate à reflet vif, gerbe verticale en 3 frames.;ELEM_SUITON;—
JUT_046;Suiton — Daikōdan no Jutsu (Grand requin missile);OA;SUITON;PROJECTILE;"[""E_SUITON"", ""PERCANT""]";plus_dense;Requin géant lent qui grossit de 10 % à chaque ennemi traversé (max 8) puis explose en vague.;"26 ; explosion 20 × nombre de grossissements /4 ; vitesse 4 m/s ; délai 8 s";"Requin de 32 px dont la gueule s'ouvre en avançant ; explosion en anneau d'écume.";ELEM_SUITON+CTR_REQUIN;1 en vol.
JUT_047;Torrent serpentin;CO;SUITON;CHAINE;"[""E_SUITON""]";plus_proche;"Serpent d'eau qui saute de cible en cible ; portée de saut doublée vers les ennemis Trempés.";"14 ; 4 sauts ; portée 3 m (6 m vers Trempé) ; −8 %/saut ; délai 2,0 s";Filet d'eau serpentin tracé entre cibles, tête plus claire, retombée en gouttes.;ELEM_SUITON;—
JUT_048;Voile de pluie;CO;SUITON;ONDE;"[""E_SUITON"", ""BOUCLIER""]";aucune;"Toutes les 10 s, un film d'eau donne un bouclier ; quand il se rompt, il éclate en onde qui Trempe à 3 m.";"Bouclier 12 ; onde 10 ; rayon 3 m ; délai 10 s";Contour aqueux ondulant autour du personnage (1 px, 2 tons), éclatement en anneau.;ELEM_SUITON;Bouclier non cumulable avec lui-même.
JUT_049;Chidori (Mille oiseaux);OA;RAITON;CONTACT;"[""E_RAITON"", ""PERCANT""]";plus_menacant;"Charge 0,4 s dans la main, puis une image de frappe fonce 4 m vers la cible et la transperce ; décharge en arc de 1,2 m au point d'impact. Le joueur ne bouge pas.";"Frappe 48 ; décharge 14 ; délai 2,8 s ; Électrisé";"Boule de filaments blancs-bleus dans la main avec 3 branches animées ; image de frappe bleutée à 60 % d'opacité ; cri d'oiseaux synthétique.";ELEM_RAITON+DOJ_SHARINGAN;L'image de frappe n'est pas une unité : elle n'hérite de rien et disparaît à l'impact.
JUT_050;Raikiri (Tranche-foudre);OA;RAITON;RAYON;"[""E_RAITON"", ""PERCANT""]";plus_menacant;"Trait instantané de 4 m à travers la cible la plus menaçante ; le trajet reste électrisé 0,5 s. Chance critique +20 %.";"60 ; sillage 6 ; délai 3,5 s ; crit +20 %";"Ligne brisée anguleuse, 1 frame blanche puis 2 frames bleues ; sillage crépitant.";ELEM_RAITON+CHR_008|ELEM_RAITON+CHR_009|ELEM_RAITON+CHR_010;Réservé aux entrées de Kakashi.
JUT_051;Chidori Nagashi (Courant des mille oiseaux);OA;RAITON;ONDE;"[""E_RAITON"", ""CONTROLE""]";aucune;Toutes les 1,2 s, une décharge parcourt le corps et s'échappe en anneau de 2 m qui Électrise.;"10 ; rayon 2 m ; délai 1,2 s ; Électrisé";Filaments courts qui s'échappent du contour du personnage sur 3 frames, sans masquer la silhouette.;ELEM_RAITON+CLAN_UCHIHA;—
JUT_052;Chidori Senbon (Aiguilles des mille oiseaux);OA;RAITON;SALVE;"[""E_RAITON""]";plus_proche;"6 aiguilles de foudre tirées en rafale serrée ; la 6e Électrise systématiquement.";"6 par aiguille ; intervalle 0,05 s ; délai 1,3 s ; vitesse 18 m/s";Traits de 4 px blancs à bord bleu, micro-étincelle à l'impact.;ELEM_RAITON+CLAN_UCHIHA;—
JUT_053;Chidori Eisō (Lance des mille oiseaux);OA;RAITON;RAYON;"[""E_RAITON"", ""PERCANT""]";plus_dense;Lame de foudre de 8 m qui s'étend puis pivote de 60° en balayage.;"20 par tick de 0,2 s ; durée 0,6 s ; largeur 0,35 m ; délai 3,0 s";Lame fine segmentée en zigzags, tête plus brillante, étincelles le long du balayage.;ELEM_RAITON+CLAN_UCHIHA;Obstacles hauts arrêtent la lame.
JUT_054;Kirin;OA;RAITON;DIFFERE;"[""E_RAITON"", ""EXPLOSIF""]";plus_dense;Construit pendant 6 s un nuage d'orage visible au-dessus de la zone la plus dense, puis y fait tomber une foudre en forme de bête.;"120 ; rayon 3,5 m ; construction 6 s ; délai 14 s";"Nuage sombre à contour clair qui grossit en 4 paliers ; bête de foudre de 64 px en 3 frames, onde au sol.";ELEM_RAITON+ELEM_KATON+CLAN_UCHIHA;"Pas de micro-pause globale ; micro-pause locale de 50 ms sur les cibles touchées."
JUT_055;Raiton — Raijū Tsuiga (Crocs du fauve de foudre);OA;RAITON;PROJECTILE;"[""E_RAITON""]";plus_proche;"Un chien de foudre court au sol vers une cible ; après une élimination, il rebondit vers une nouvelle cible (3 éliminations max).";"28 ; vitesse 11 m/s ; délai 2,4 s";Canidé électrique de 12 px à 4 frames de course, traînée de filaments.;ELEM_RAITON+CTR_CHIEN;Durée de vie 3 s.
JUT_056;Raiton — Gian (Fausse obscurité);OA;RAITON;RAYON;"[""E_RAITON"", ""PERCANT""]";plus_dense;Télégraphe allié 0,5 s puis rayon épais de 14 m qui traverse tout.;"44 ; largeur 0,6 m ; délai 4,5 s";Rayon en lance ondulée à cœur blanc, deux lignes d'éclairs parasites parallèles.;ELEM_RAITON;—
JUT_057;Raiton — Kuropansā (Panthère noire);OA;RAITON;PROJECTILE;"[""E_RAITON"", ""CONTROLE""]";plus_menacant;Panthère de foudre noire qui bondit sur une cible, la cloue 0,8 s puis rebondit une fois.;"34 ; Étourdi 0,8 s ; 1 rebond ; délai 4,0 s";"Silhouette noire à contour jaune-blanc épais (2 px) pour rester visible sur fond sombre ; éclairs internes violets.";ELEM_RAITON;Étourdissement soumis à la résistance de contrôle.
JUT_058;Raiton — Shichū Shibari (Prison des quatre piliers);AV;RAITON;PIEGE;"[""E_RAITON"", ""CONTROLE""]";plus_dense;"Quatre piliers jaillissent en carré de 3 m autour d'un groupe ; des arcs les relient 2,5 s : les ennemis dedans ne peuvent pas sortir.";"8 par tick de 0,5 s ; durée 2,5 s ; délai 9 s";Piliers de pierre à glyphes, arcs horizontaux animés entre eux.;ELEM_RAITON;Élites : ralenties de 50 % au lieu d'être bloquées.
JUT_059;Arc en chaîne;CO;RAITON;CHAINE;"[""E_RAITON""]";plus_proche;Éclair qui saute instantanément de cible en cible.;"18 ; 5 sauts ; portée 3,5 m ; −12 %/saut ; délai 1,5 s";Tracé construit en 2 frames (tête puis ramifications), disparition en 3 frames.;ELEM_RAITON;Jamais deux fois la même cible.
JUT_060;Orbes crépitants;CO;RAITON;ORBITE;"[""E_RAITON"", ""CONTROLE""]";aucune;2 orbes tournent vite à 1,5 m et Électrisent au contact.;"8 ; rotation 1 tour/1 s ; durée 4 s ; délai 5 s";Sphères de 6 px à filaments tournoyants, trace en arc de 3 frames.;ELEM_RAITON;Intervalle par cible 0,5 s par orbe.
JUT_061;Paratonnerre;CO;RAITON;PIEGE;"[""E_RAITON""]";chemin;"Plante une tige métallique ; toutes les 1 s elle foudroie l'ennemi le plus proche à 4 m (6 frappes).";"16 par frappe ; 6 frappes ; délai 5 s ; max 2 tiges";Tige noire de 20 px à anneau lumineux, éclair vertical puis horizontal.;ELEM_RAITON;—
JUT_062;Clou de tonnerre;CO;RAITON;DIFFERE;"[""E_RAITON"", ""MARQUE""]";plus_menacant;"Marque la cible d'un sigle ; 1,5 s plus tard la foudre tombe sur elle puis saute une fois.";"40 ; saut 20 ; délai 3,0 s ; Marqué";Sigle en losange au-dessus de la cible, éclair vertical à tête épaisse.;ELEM_RAITON;—
JUT_063;Décharge statique;CO;RAITON;ONDE;"[""E_RAITON""]";aucune;Le déplacement accumule de l'électricité : tous les 10 m parcourus, une onde de 3 m se libère.;"30 ; rayon 3 m ; seuil 10 m (Cadence réduit le seuil)";"Étincelles aux pieds qui s'intensifient en 4 paliers ; anneau crépitant.";ELEM_RAITON;Nul à l'arrêt : récompense la mobilité.
JUT_064;Filet électrique;CO;RAITON;ZONE;"[""E_RAITON"", ""CONTROLE"", ""PERSISTANT""]";plus_dense;Jette un filet de 3 × 3 m qui ralentit de 30 % et Électrise chaque seconde.;"6 par s ; durée 3 s ; délai 6 s";Maillage de lignes fines au sol, nœuds lumineux qui clignotent en alternance.;ELEM_RAITON;Max 2 filets.
JUT_065;Traits chercheurs;CO;RAITON;SALVE;"[""E_RAITON""]";plus_proche;8 traits de foudre courbes qui cherchent chacun une cible différente.;"10 par trait ; délai 2,2 s ; vitesse 14 m/s ; virage 240°/s";Traits lumineux sinueux à tête ronde, traînée de 6 px.;ELEM_RAITON;Répartition : max 2 traits par cible.
JUT_066;Éclair fourchu;CO;RAITON;CONE;"[""E_RAITON""]";plus_dense;Éclair qui se divise en 3 branches dans un cône de 50° sur 6 m.;"22 par branche ; délai 1,8 s";Tronc épais puis 3 branches à angles vifs, ramifications secondaires décoratives.;ELEM_RAITON;Une cible ne reçoit qu'une branche.
JUT_067;Raiton — Sandā Gēto (Porte du tonnerre);AV;RAITON;DIFFERE;"[""E_RAITON""]";direction;"Marque 5 points en ligne vers l'avant ; la foudre y tombe successivement du plus proche au plus lointain.";"26 par impact ; rayon 1,2 m ; écart 0,12 s ; ligne de 9 m ; délai 4,0 s";Étiquettes au sol, éclairs verticaux en cascade, écho sonore croissant.;ELEM_RAITON;—
JUT_068;Paume foudroyante;CO;RAITON;CONTACT;"[""E_RAITON"", ""CONTROLE""]";plus_proche;"Série de 3 frappes de paume à 1,5 m ; la 3e étourdit brièvement.";"10 / 10 / 18 ; Étourdi 0,4 s ; délai 1,0 s";Paume lumineuse, onde de choc en croissant, étincelles radiales à la 3e frappe.;ELEM_RAITON;—
JUT_069;Arc tendu;CO;RAITON;RAYON;"[""E_RAITON""]";plus_proche;"Lien électrique maintenu 1,5 s avec une cible ; les dégâts augmentent de 25 % toutes les 0,3 s. Rompu au-delà de 6 m.";"5 → 12 par tick de 0,2 s ; délai 2,5 s";Arc qui s'épaissit en 4 paliers, tremblement de la ligne.;ELEM_RAITON;—
JUT_070;Tempête ionique;CO;RAITON;ZONE;"[""E_RAITON"", ""MOBILE""]";plus_dense;Petit nuage qui suit le groupe le plus dense et y fait tomber une foudre toutes les 0,4 s.;"9 par éclair ; durée 4 s ; rayon 3 m ; délai 8 s";Nuage de 24 px à contour clair, éclairs courts aléatoires.;ELEM_RAITON;1 nuage (+1 par Quantité, max 2).
JUT_071;Raiton — Raikyū (Boule de foudre);AV;RAITON;PROJECTILE;"[""E_RAITON""]";plus_proche;Boule lente qui foudroie les ennemis proches pendant son vol (aura de 1,5 m) puis éclate.;"Aura 5 par tick de 0,3 s ; éclatement 20 ; vitesse 4 m/s ; délai 3,0 s";Sphère à 3 anneaux orbitaux, filaments vers les cibles proches.;ELEM_RAITON;—
JUT_072;Retour de foudre;CO;RAITON;CHAINE;"[""E_RAITON""]";aucune;Réactif : quand le joueur subit un coup, la foudre frappe l'agresseur puis 2 ennemis proches.;"35 ; 3 cibles ; −10 %/saut ; délai interne 1,5 s";Éclair partant du contour du joueur vers l'agresseur, tracé en 2 frames.;ELEM_RAITON;Déclenché aussi par un coup absorbé par bouclier.
JUT_073;Fūton — Daitoppa (Grande percée);OA;FUTON;CONE;"[""E_FUTON""]";plus_dense;Bourrasque en cône de 60° sur 6 m : faibles dégâts, fort recul. Sert à dégager l'espace.;"10 ; recul 3,5 m ; délai 3,0 s";Lignes de vent courbes blanches à 50 % d'opacité, feuilles et poussière entraînées dans l'axe.;ELEM_FUTON;Recul réduit dans les zones alliées (§B8.4).
JUT_074;Fūton — Kamaitachi no Jutsu (Faux de la belette);OA;FUTON;ONDE;"[""E_FUTON"", ""PERCANT""]";direction;"Croissant de vent de 120° qui avance sur 9 m et tranche 3 fois chaque ennemi traversé ; applique Entaillé.";"3 × 8 ; Entaillé 1 cumul ; délai 2,6 s ; vitesse 10 m/s";Rubans blancs superposés en 3 couches décalées, entailles en X sur les cibles.;ELEM_FUTON;Intervalle interne 0,1 s entre les 3 coupes.
JUT_075;Fūton — Shinkū Gyoku (Sphères de vide);AV;FUTON;SALVE;"[""E_FUTON"", ""PERCANT""]";plus_proche;3 balles d'air comprimé très rapides, chacune perce 2 ennemis.;"12 ; délai 1,2 s ; vitesse 20 m/s ; perce 2";Sphères presque transparentes à contour déformant (anneau de 1 px), cône de pression à la sortie.;ELEM_FUTON;—
JUT_076;Fūton — Shinkūha (Onde de vide);AV;FUTON;RAYON;"[""E_FUTON"", ""PERCANT""]";plus_dense;Taille horizontale instantanée de 7 m de long et 1 m de large.;"30 ; délai 2,2 s";Trait blanc épais de 2 frames, poussière soulevée le long du trait.;ELEM_FUTON;—
JUT_077;Fūton — Shinkū Taigyoku (Grande sphère de vide);AV;FUTON;PROJECTILE;"[""E_FUTON"", ""PERCANT""]";plus_dense;Grosse sphère d'air lente qui traverse tout et aspire légèrement les ennemis sur son passage.;"36 ; rayon 1,2 m ; vitesse 5 m/s ; attraction 0,6 m/s ; délai 4,0 s";Vortex sphérique à 3 anneaux concentriques, débris aspirés.;ELEM_FUTON;1 en vol.
JUT_078;Fūton — Atsugai (Pression destructrice);OA;FUTON;DIFFERE;"[""E_FUTON"", ""EXPLOSIF""]";plus_dense;Compression d'air visible 0,6 s sur un groupe, puis éclatement en dôme qui repousse vers l'extérieur.;"44 ; rayon 3 m ; recul 2 m ; délai 5,0 s";Sphère de distorsion qui se contracte (3 frames) puis dôme blanc et anneau de poussière.;ELEM_FUTON;—
JUT_079;Fūton — Renkūdan (Balle d'air);AV;FUTON;PROJECTILE;"[""E_FUTON""]";plus_menacant;"Balle d'air rapide ; à l'impact, l'onde se prolonge en cône derrière la cible.";"26 ; cône arrière 12 (45°, 3 m) ; délai 1,8 s ; vitesse 16 m/s";Balle compacte à traînée en cône, éclat de pression en éventail derrière la cible.;ELEM_FUTON;Cône arrière = SECONDAIRE.
JUT_080;Lames de vent;CO;FUTON;ORBITE;"[""E_FUTON""]";aucune;4 lames de vent tournent vite à 2,2 m et appliquent Entaillé.;"7 ; Entaillé 1 ; rotation 1 tour/1,2 s ; durée 4 s ; délai 6 s";Croissants blancs fins, feuilles aspirées dans la ronde.;ELEM_FUTON;—
JUT_081;Tornade errante;CO;FUTON;ZONE;"[""E_FUTON"", ""MOBILE"", ""ATTRACTION""]";plus_dense;Tornade qui erre vers les groupes, aspire les petits ennemis et les soulève 0,5 s.;"6 par tick de 0,3 s ; rayon 1,6 m ; vitesse 3 m/s ; durée 5 s ; délai 9 s";Colonne en entonnoir de 40 px, bandes de vent en 6 frames, débris orbitaux.;ELEM_FUTON;Élites et boss non soulevés.
JUT_082;Coup de vent circulaire;CO;FUTON;CONTACT;"[""E_FUTON""]";aucune;Balayage à 360° autour du joueur (1,8 m) prolongé par le vent.;"16 ; recul 0,8 m ; délai 1,6 s";Arc complet en 4 frames, poussière rabattue vers l'extérieur.;ELEM_FUTON;—
JUT_083;Courant ascendant;CO;FUTON;DIFFERE;"[""E_FUTON"", ""CONTROLE""]";plus_dense;"Marque le sol ; les ennemis au-dessus sont projetés en l'air 1 s (inactifs, +20 % dégâts des projectiles).";"14 ; rayon 2 m ; en l'air 1 s ; délai d'impact 0,5 s ; délai 5 s";Spirale au sol puis colonne ascendante, cibles surélevées de 12 px avec ombre au sol.;ELEM_FUTON;Boss : Vulnérable +5 % au lieu d'être soulevés.
JUT_084;Voile de feuilles tranchantes;CO;FUTON;SALVE;"[""E_FUTON""]";aucune;12 feuilles partent en spirale à 360° autour du joueur.;"6 par feuille ; délai 2,0 s ; vitesse 9 m/s ; portée 7 m";Feuilles vertes de 4 px à contour sombre qui pivotent en vol (4 frames).;ELEM_FUTON;—
JUT_085;Bouclier de vent;CO;FUTON;ONDE;"[""E_FUTON"", ""BOUCLIER""]";aucune;Toutes les 6 s, une bulle de vent de 2 m renvoie pendant 1 s les projectiles ennemis ordinaires vers leur tireur.;"Projectile renvoyé : ses dégâts ×2 contre les ennemis ; délai 6 s";Sphère striée de lignes courbes, projectiles renvoyés recolorés en couleur alliée.;ELEM_FUTON;Ne renvoie pas les attaques de boss télégraphiées.
JUT_086;Croix de vent;CO;FUTON;RAYON;"[""E_FUTON"", ""PERCANT""]";plus_menacant;0,3 s après le signe, deux tailles se croisent en X sur la cible (5 m chacune).;"2 × 22 ; délai 2,4 s";Deux traits blancs successifs, étincelle au centre de la croix.;ELEM_FUTON;Cible au centre touchée deux fois.
JUT_087;Œil du cyclone;CO;FUTON;ZONE;"[""E_FUTON"", ""MOBILE""]";aucune;Zone de 3 m centrée sur le joueur : projectiles ennemis ralentis de 60 %, ennemis ralentis de 20 %.;"4 par tick de 0,5 s ; durée 4 s ; délai 12 s";Anneau de vent à la limite, calme visuel à l'intérieur.;ELEM_FUTON;—
JUT_088;Disque tranchant;CO;FUTON;PROJECTILE;"[""E_FUTON"", ""REBOND"", ""PERCANT""]";direction;Disque de vent fin qui perce et ricoche sur les obstacles du décor jusqu'à 5 fois.;"15 ; 5 ricochets sur décor ; vitesse 12 m/s ; délai 2,0 s";Anneau aplati en rotation 2 frames, étincelle blanche à chaque ricochet.;ELEM_FUTON;"Ricoche sur le décor uniquement ; sans décor, disparaît à 12 m."
JUT_089;Poussière aveuglante;CO;FUTON;CONE;"[""E_FUTON"", ""CONTROLE""]";plus_dense;Soulève un cône de poussière de 70° qui Aveugle 2 s.;"6 ; Aveuglé 2 s ; portée 4,5 m ; délai 4,0 s";Nuage ocre en tramage, particules lourdes qui retombent.;ELEM_FUTON;—
JUT_090;Couloir de vent;CO;FUTON;ZONE;"[""E_FUTON"", ""PERSISTANT""]";direction;"Couloir de 8 × 2 m dans la direction de course : +30 % vitesse du joueur et des projectiles alliés dedans ; les ennemis sont poussés sur les côtés.";"5 par tick de 0,5 s ; durée 5 s ; délai 10 s";Lignes de flux parallèles animées, herbes couchées.;ELEM_FUTON;Ne déplace jamais le joueur : bonus de vitesse uniquement.
JUT_091;Fūton — Shinkū Renpa (Salves de vide en étoile);AV;FUTON;SALVE;"[""E_FUTON""]";aucune;5 tirs d'air dans 5 directions fixes en étoile, pivotant de 36° à chaque salve.;"14 ; délai 1,1 s ; vitesse 14 m/s ; portée 8 m";Étoile de traits blancs, rotation lisible salve après salve.;ELEM_FUTON;—
JUT_092;Rafale arrière;CO;FUTON;CONE;"[""E_FUTON""]";aucune;Couvre l'arrière : cône de 90° sur 4 m opposé à la direction de course.;"18 ; recul 1,5 m ; délai 1,6 s";Éventail de lignes de vent vers l'arrière, cape/vêtements soulevés.;ELEM_FUTON;À l'arrêt : dirigé vers l'ennemi le plus proche derrière.
JUT_093;Tourbillon de feuilles;CO;FUTON;ORBITE;"[""E_FUTON""]";aucune;Spirale de feuilles qui s'éloigne jusqu'à 4 m puis revient au joueur (orbite pulsée).;"5 par feuille ; 10 feuilles ; cycle 2 s ; durée 6 s ; délai 8 s";Feuilles en double hélice, densité qui respire avec le cycle.;ELEM_FUTON;—
JUT_094;Coupe-vent dissimulé;CO;FUTON;PIEGE;"[""E_FUTON""]";chemin;Mines de vent quasi invisibles (contour visible pour le joueur) qui déchiquettent à 2 m et appliquent 2 Entaillé.;"24 ; rayon 2 m ; max 3 ; délai 3,5 s";Tourbillon minuscule en boucle, visible au joueur par un contour pointillé allié.;ELEM_FUTON;—
JUT_095;Vent arrière;CO;FUTON;ONDE;"[""E_FUTON""]";direction;Toutes les 4 s, une onde part de derrière le joueur vers l'avant : les projectiles alliés qu'elle rattrape gagnent +20 % de vitesse et +1 perce.;"8 aux ennemis ; délai 4 s ; portée 10 m";Front de vent transparent à lignes longues, projectiles alliés dotés d'une traînée blanche.;ELEM_FUTON;Un projectile ne reçoit le bonus qu'une fois.
JUT_096;Faucille stationnaire;CO;FUTON;PROJECTILE;"[""E_FUTON""]";plus_dense;Faucille de vent lancée à 5 m qui s'arrête et tourne sur place 2 s (broyeur), puis revient.;"6 par tick de 0,25 s ; rayon 1,2 m ; délai 4,5 s";Faucille à 3 frames de rotation, gerbes de feuilles hachées.;ELEM_FUTON;Max 2 faucilles.
JUT_097;Doton — Doryūheki (Mur de terre);OA;DOTON;ZONE;"[""E_DOTON"", ""PERSISTANT"", ""TERRAIN""]";aucune;"Élève un mur incurvé de 4 m derrière le joueur qui bloque ennemis et projectiles ordinaires ; les ennemis doivent le contourner.";"15 à l'émergence ; PV du mur 150 ; durée 5 s ; délai 10 s";Mur de 3 strates de pierre (ombre marquée au sol), éclats à l'émergence, fissures selon les PV.;ELEM_DOTON;Jamais placé à < 2 m d'un obstacle : ne peut pas enfermer le joueur.
JUT_098;Doton — Doryūdan (Balles du dragon de terre);OA;DOTON;SALVE;"[""E_DOTON""]";plus_dense;Une tête de dragon de terre émerge 1 s et crache 3 boulets de boue en cloche.;"3 × 24 ; rayon d'impact 1,3 m ; Ensablé +1 ; délai 3,6 s";Tête de dragon rocheuse de 24 px, boulets bruns à éclaboussures.;ELEM_DOTON;—
JUT_099;Doton — Yomi Numa (Marais des enfers);OA;DOTON;ZONE;"[""E_DOTON"", ""CONTROLE"", ""TERRAIN"", ""PERSISTANT""]";plus_dense;"Transforme 4 m de sol en marécage : ralentit de 60 % ; les ennemis ordinaires sous 20 % de PV sont engloutis.";"6 par tick de 0,5 s ; durée 4 s ; délai 11 s";Sol brun-violet ondulant, bulles, silhouettes qui s'enfoncent de 4 px par frame.;ELEM_DOTON;"Engloutissement : ordinaires seulement ; élites ralenties de 30 %."
JUT_100;Doton — Shinjū Zanshu (Décapitation par la terre);OA;DOTON;DIFFERE;"[""E_DOTON"", ""CONTROLE""]";plus_menacant;"La cible est aspirée dans le sol jusqu'au cou 1,5 s ; le prochain coup reçu est ×1,5.";"20 ; Entravé 1,5 s ; délai d'impact 0,4 s ; délai 4,0 s";Mains de terre qui jaillissent (3 frames), cible réduite à sa tête au ras du sol.;ELEM_DOTON;Boss : Vulnérable +10 % 1,5 s au lieu d'être enfoui.
JUT_101;Doton — Doryū Taiga (Rivière de terre);AV;DOTON;ZONE;"[""E_DOTON"", ""PERSISTANT""]";direction;Coulée de boue de 8 × 2,5 m qui emporte les ennemis ordinaires loin du joueur.;"5 par tick de 0,5 s ; courant 2,5 m/s ; durée 3 s ; délai 9 s";Flots bruns en bandes animées vers l'extérieur, rochers roulants.;ELEM_DOTON;—
JUT_102;Doton — Kajūgan (Roche alourdie);OA;DOTON;DIFFERE;"[""E_DOTON"", ""CONTROLE""]";plus_menacant;Alourdit une cible (−50 % vitesse) puis l'écrase au sol 1 s plus tard avec une onde de 2 m.;"Écrasement 55 ; onde 20 ; délai 5,0 s";Glyphes en cube sur la cible, cible qui s'aplatit (squash 3 frames), cratère.;ELEM_DOTON+CHR_069;—
JUT_103;Doton — Dorōdomu (Dôme de terre);OA;DOTON;ONDE;"[""E_DOTON"", ""BOUCLIER""]";aucune;Un dôme de terre se forme 1 s autour du joueur (bloque les projectiles, n'entrave pas son déplacement) puis éclate en fragments.;"Fragments 26 (r 3 m) ; délai 12 s";Dôme translucide de pierre (contour épais, intérieur à 40 % d'opacité), éclatement en 12 fragments.;ELEM_DOTON;"Le dôme suit le joueur ; ne bloque pas les attaques de boss télégraphiées."
JUT_104;Doton — Doryō Dango (Boulette-mausolée);OA;DOTON;PROJECTILE;"[""E_DOTON"", ""PERCANT""]";plus_dense;"Soulève un énorme rocher et le lance en cloche ; il roule 4 m après l'impact en écrasant tout.";"Impact 50 (r 2 m) ; roulement 20 ; délai 7,0 s";Rocher de 32 px, ombre qui grossit à l'approche, poussière en roulant.;ELEM_DOTON;1 rocher actif.
JUT_105;Ligne de pics;CO;DOTON;ONDE;"[""E_DOTON"", ""PERCANT""]";plus_dense;Série de pics qui jaillissent en ligne vers la cible sur 7 m, l'un après l'autre.;"22 par pic ; 7 pics ; écart 0,06 s ; délai 2,4 s";Pics anguleux gris-brun, fissure en zigzag reliant les pics.;ELEM_DOTON;1 touche par cible par ligne.
JUT_106;Séisme en deux temps;CO;DOTON;ONDE;"[""E_DOTON"", ""CONTROLE""]";aucune;Onde au sol de 5 m qui étourdit 0,5 s les ordinaires, suivie 1 s plus tard d'une réplique plus forte.;"12 puis 24 ; délai 6 s";Anneau de fissures, sol légèrement décalé de 1 px (pas de secousse caméra), poussière.;ELEM_DOTON;Étourdissement : ordinaires uniquement.
JUT_107;Poing de pierre;CO;DOTON;CONTACT;"[""E_DOTON""]";plus_proche;"Coup de poing lent et très lourd en cône de 2 m ; fort recul.";"46 ; recul 3 m ; délai 2,2 s";Anticipation 3 frames, poing couvert de roche ×1,5, poussière en éventail, ennemis déformés 2 frames.;ELEM_DOTON;—
JUT_108;Galets en orbite;CO;DOTON;ORBITE;"[""E_DOTON""]";plus_proche;"3 gros galets orbitent lentement ; toutes les 5 s, le plus avancé est projeté vers une cible puis se reforme.";"Contact 10 ; projection 30 ; rotation 1 tour/2,5 s ; permanente";Galets de 8 px ombrés, reformation par agrégation de poussière.;ELEM_DOTON;Quantité : +1 galet (max 5).
JUT_109;Sables mouvants;CO;DOTON;PIEGE;"[""E_DOTON"", ""CONTROLE""]";chemin;Fosses sur le trajet des ennemis : le premier qui tombe est Entravé 2 s, ceux qui le suivent trébuchent (0,3 s).;"14 ; Entravé 2 s ; max 3 ; délai 4,0 s";Cercle de sable qui tourbillonne légèrement, contour allié discret.;ELEM_DOTON;—
JUT_110;Doton — Doroku Gaeshi (Rempart retourné);AV;DOTON;DIFFERE;"[""E_DOTON""]";direction;Soulève une dalle de 4 × 2 m devant le joueur (bloque 0,8 s) puis la rabat sur les ennemis.;"40 ; délai 5,0 s";Dalle qui pivote en 4 frames, ombre projetée qui annonce la zone d'impact.;ELEM_DOTON;—
JUT_111;Doton — Domu (Durcissement);OA;DOTON;CONTACT;"[""E_DOTON"", ""BOUCLIER""]";aucune;Toutes les 8 s, la peau durcit 3 s : +8 Armure et chaque ennemi qui touche le joueur au contact subit un contre-coup.;"Contre-coup 24 ; Armure +8 pendant 3 s ; délai 8 s";Peau grisée par un motif de pierre (palette), craquement sonore.;ELEM_DOTON+APT_CORPS|ELEM_DOTON+CHR_069;Armure totale toujours plafonnée à 15.
JUT_112;Colonne de roche;CO;DOTON;DIFFERE;"[""E_DOTON"", ""TERRAIN""]";plus_menacant;"Fait surgir une colonne sous la cible puis la laisse 5 s comme obstacle ; les chargeurs qui la heurtent sont étourdis 1 s.";"32 ; délai d'impact 0,5 s ; délai 4,5 s";Colonne octogonale de 16 × 32 px, éclats à la base.;ELEM_DOTON;"Max 3 colonnes ; jamais à < 2 m du joueur."
JUT_113;Boue collante;CO;DOTON;SALVE;"[""E_DOTON"", ""CONTROLE""]";plus_proche;"3 boules de boue qui appliquent chacune Ensablé (embourbé) +1 ; 3 cumuls = Enseveli.";"8 ; délai 1,4 s ; vitesse 9 m/s";Boules brunes molles (squash à l'impact), traces sur la cible.;ELEM_DOTON;—
JUT_114;Doton — Kekkai Dorōdōmu (Dôme absorbant);OA;DOTON;ZONE;"[""E_DOTON"", ""PERSISTANT""]";plus_dense;Recouvre un groupe d'un dôme de 3 m qui draine : dégâts aux ennemis dedans et +1 chakra par ennemi et par seconde.;"6 par tick de 0,5 s ; durée 4 s ; délai 14 s ; chakra max 6/s";Dôme opaque à 50 % avec lignes de drainage vers le joueur.;ELEM_DOTON;Soumis au plafond global de gain de chakra (12/s).
JUT_115;Doton — Gōremu no Jutsu (Golem de roche);AV;DOTON;INVOCATION;"[""E_DOTON"", ""UNITE_ALLIEE""]";plus_dense;"Un golem lent marche vers les groupes et frappe le sol (onde de 2 m) ; attire les ennemis au contact.";"Frappe 30 ; intervalle 1,5 s ; durée 10 s ; délai 16 s";Golem de 32 px en blocs, marche 4 frames lourde, poussière à chaque pas.;ELEM_DOTON+CHR_069;"1 golem ; héritage type ANIMAL (§R9)."
JUT_116;Onde de gravier;CO;DOTON;CONE;"[""E_DOTON""]";plus_proche;"Décharge de 10 graviers à courte portée ; plus la cible est proche, plus elle en reçoit.";"10 × 5 ; angle 40° ; portée 3,5 m ; délai 1,5 s";Graviers angulaires de 2 px, traînées courtes, poussière.;ELEM_DOTON;—
JUT_117;Faille;CO;DOTON;RAYON;"[""E_DOTON"", ""PERSISTANT""]";plus_dense;"Ouvre une fissure de 8 m qui reste 2 s ; les ennemis qui la franchissent tombent un instant (0,4 s) et subissent des dégâts.";"Ouverture 20 ; franchissement 12 ; délai 4,0 s";Fente noire à bords éclairés, fragments qui tombent dedans.;ELEM_DOTON;—
JUT_118;Rocher rebondissant;CO;DOTON;PROJECTILE;"[""E_DOTON""]";plus_dense;"Rocher lancé qui rebondit 3 fois au sol ; chaque rebond frappe en zone.";"22 par rebond (r 1,2 m) ; bond 2,5 m ; délai 3,0 s";Rocher rond, ombre au sol qui suit les bonds, cratère à chaque rebond.;ELEM_DOTON;—
JUT_119;Onde tellurique en chaîne;CO;DOTON;CHAINE;"[""E_DOTON"", ""CONTROLE""]";plus_proche;Un choc court dans le sol de cible en cible (fissure visible entre elles) et étourdit 0,2 s.;"20 ; 4 sauts ; portée 3 m ; −10 %/saut ; délai 2,2 s";Fissure tracée en 3 frames entre les cibles, éclats sous les pieds.;ELEM_DOTON;—
JUT_120;Doton — Chōkeijūgan (Roche ultra-légère);OA;DOTON;ZONE;"[""E_DOTON""]";aucune;Allège les ennemis dans 4 m : pendant 3 s, tout coup les repousse 3 fois plus loin.;"0 ; recul ×3 ; durée 3 s ; délai 10 s";Glyphes cubiques flottants, ennemis décollés de 2 px avec ombre plus claire.;ELEM_DOTON+CHR_069;"Élites : ×1,5 ; boss : aucun effet (Vulnérable +5 %)."
JUT_121;Mokuton — Jukai Kōtan (Naissance de la forêt);OA;RARE;ZONE;"[""E_MOKUTON"", ""TERRAIN"", ""CONTROLE"", ""PERSISTANT""]";plus_dense;Des arbres jaillissent sur 5 m, Entravent 1,5 s et laissent une surface BOIS qui ralentit de 25 %.;"30 à l'émergence ; 4 par tick de 0,5 s ; durée 5 s ; délai 12 s";Troncs qui poussent en 4 frames avec branches en spirale, feuillage sombre à contour vert clair.;KG_MOKUTON;Surface BOIS : brûlable (§B8.4).
JUT_122;Mokuton — Mokujōheki (Rempart de bois);OA;RARE;ZONE;"[""E_MOKUTON"", ""BOUCLIER"", ""TERRAIN""]";aucune;Dôme de bois partiel (demi-cercle ouvert vers l'avant) qui bloque projectiles et ennemis par l'arrière 4 s.;"PV du rempart 250 ; 10 aux ennemis qui le frappent ; délai 14 s";Planches courbes entrelacées, ouverture nette vers l'avant, éclats de bois à l'impact.;KG_MOKUTON;Toujours ouvert sur 120° : ne peut enfermer le joueur.
JUT_123;Mokuton — Shichūrō (Prison à quatre piliers);OA;RARE;DIFFERE;"[""E_MOKUTON"", ""CONTROLE""]";plus_menacant;Une cage de bois tombe sur la cible la plus menaçante et son entourage (r 2 m) : immobilisés 2 s.;"25 ; Entravé 2 s ; délai d'impact 0,5 s ; délai 8 s";Cage carrée de 32 px qui chute (ombre annonciatrice), barreaux épais.;KG_MOKUTON;Contrôle soumis à la résistance des boss.
JUT_124;Mokuton — Sashiki no Jutsu (Pieux de bois);AV;RARE;SALVE;"[""E_MOKUTON"", ""PERCANT""]";plus_proche;Le bras se ramifie en 5 pieux qui s'allongent vers des cibles différentes et percent 2 ennemis.;"18 par pieu ; portée 7 m ; délai 1,8 s";Tiges de bois qui poussent en segments depuis le bras, pointes claires.;KG_MOKUTON;Obstacles hauts arrêtent les pieux.
JUT_125;Mokuton — Kajukai Kōrin (Avènement du monde des arbres en fleurs);OA;RARE;ZONE;"[""E_MOKUTON"", ""CONTROLE"", ""PERSISTANT""]";aucune;"Des fleurs éclosent sur 6 m autour du joueur ; leur pollen endort les ordinaires (Étourdi 2 s, réveillés par les dégâts).";"0 ; Étourdi 2 s ; durée 5 s ; délai 18 s";Fleurs blanches de 6 px qui s'ouvrent en vague, pollen doré en particules lentes.;KG_MOKUTON;"Élites : ralenties 40 % ; boss : Vulnérable +10 %."
JUT_126;Mokuton — Mokuryū no Jutsu (Dragon de bois);OA;RARE;PROJECTILE;"[""E_MOKUTON"", ""PERCANT"", ""CONTROLE""]";plus_dense;Dragon de bois qui serpente à travers les groupes, perce tout et enserre la dernière cible 1,5 s.;"34 ; vitesse 7 m/s ; portée 14 m ; délai 7 s";Corps en anneaux de bois de 48 px de long, tête sculptée, copeaux en traîne.;KG_MOKUTON;—
JUT_127;Hyōton — Makyō Hyōshō (Miroirs de glace démoniaques);OA;RARE;ZONE;"[""E_HYOTON"", ""PERSISTANT""]";plus_menacant;"Dresse 6 miroirs en cercle (r 2,5 m) autour d'un groupe ; des aiguilles fusent de miroir en miroir à travers le cercle.";"6 par aiguille ; 12 aiguilles/s ; durée 3 s ; Refroidi +1 ; délai 10 s";Miroirs rectangulaires bleu pâle à reflet animé, aiguilles blanches en traits croisés.;KG_HYOTON;"1 cercle actif ; les ennemis peuvent sortir entre les miroirs (0,8 m)."
JUT_128;Hyōton — Sensatsu Hyōshō (Mille aiguilles de glace);AV;RARE;SALVE;"[""E_HYOTON""]";plus_proche;"Salve de 10 aiguilles de glace en éventail étroit ; chaque touche Refroidit.";"5 ; Refroidi +1 ; délai 1,2 s ; vitesse 16 m/s";Aiguilles translucides à pointe blanche, givre sur la cible.;KG_HYOTON;—
JUT_129;Prison de givre;CO;RARE;PIEGE;"[""E_HYOTON"", ""CONTROLE""]";chemin;"Fleurs de givre au sol ; un ennemi qui marche dessus est Gelé 1,5 s et la glace éclate en éclats (r 1,5 m).";"Éclats 20 ; Gelé 1,5 s ; max 4 ; délai 3,0 s";Rosace de givre à 6 branches, éclatement cristallin.;KG_HYOTON;—
JUT_130;Hyōton — Tsubame Fubuki (Blizzard d'hirondelles);AV;RARE;SALVE;"[""E_HYOTON""]";plus_dense;"8 hirondelles de glace qui décrivent une courbe large avant de plonger ; Refroidi +1.";"11 ; délai 2,4 s ; vitesse 10 m/s";Oiseaux de glace de 8 px à ailes en 2 frames, traînée de neige.;KG_HYOTON;—
JUT_131;Sabaku Kyū (Cercueil de sable);OA;RARE;DIFFERE;"[""E_SABLE"", ""CONTROLE""]";plus_menacant;Le sable enveloppe la cible 1 s (immobile), puis se referme.;"Enveloppe 0 ; broyage 45 ; délai d'impact 1,0 s ; délai 3,5 s ; Ensablé +3 aux voisins à 1,5 m";Flux granulaire qui grimpe en spirale sur la cible (5 frames), fermeture en poing.;KG_SABLE;Boss : pas d'immobilisation (Vulnérable +10 % 2 s).
JUT_132;Sabaku Sōsō (Enterrement dans le sable);OA;RARE;ZONE;"[""E_SABLE"", ""CONTROLE""]";marque;"Suite : écrase dans un rayon de 2,5 m toute cible Ensevelie ou enveloppée ; sans cible admissible, frappe le groupe le plus dense à 50 %.";"70 (35 sans cible admissible) ; délai 5,0 s";Sable qui se contracte en sphère puis implose, onde de grains.;KG_SABLE;—
JUT_133;Suna Shigure (Averse de sable);OA;RARE;DIFFERE;"[""E_SABLE""]";plus_dense;Des balles de sable tombent du ciel sur 4 m pendant 2 s.;"8 par balle ; 16 balles ; Ensablé +1 ; délai 6 s";Grains agglomérés à ombre au sol, impacts en éclaboussure de sable.;KG_SABLE;—
JUT_134;Suna no Tate (Bouclier de sable);OA;RARE;ORBITE;"[""E_SABLE"", ""BOUCLIER""]";aucune;Un flux de sable intercepte automatiquement le prochain coup reçu (1 charge toutes les 4 s) et contre-frappe l'agresseur.;"Absorbe 100 % d'un coup ≤ 30 dégâts (50 % au-delà) ; contre 15 ; recharge 4 s";Ruban de sable qui tourne près du joueur et jaillit en paroi à l'impact.;KG_SABLE;Max 2 charges (+1 via Quantité).
JUT_135;Ryūsa Bakuryū (Cascade de sable);OA;RARE;ONDE;"[""E_SABLE"", ""TERRAIN"", ""CONTROLE""]";direction;Raz-de-marée de sable qui avance sur 8 m, submerge et laisse une surface SABLE (Ensablé +1/s).;"38 ; recul 2 m ; délai 12 s ; surface SABLE 5 s";Vague de sable à crête granuleuse, grains qui ruissellent.;KG_SABLE;—
JUT_136;Jiton — Satetsu Shigure (Bruine de sable de fer);OA;RARE;SALVE;"[""E_JITON"", ""PERCANT""]";plus_proche;Salve de 12 aiguilles de sable de fer qui perce 2 cibles et Aimante.;"7 ; perce 2 ; Aimanté ; délai 1,6 s";Particules noires à reflet métallique violet, contour clair pour la lisibilité.;KG_JITON;—
JUT_137;Jiton — Satetsu Kaihō (Libération du sable de fer);OA;RARE;DIFFERE;"[""E_JITON""]";plus_dense;Le sable de fer se rassemble en sphère au-dessus d'un groupe puis explose en pointes dans toutes les directions.;"40 ; rayon 3 m ; délai 6 s";Sphère hérissée qui se forme en 4 frames, pointes radiales noires.;KG_JITON;—
JUT_138;Jiton — Sakin Kaihō (Libération de la poudre d'or);AV;RARE;ONDE;"[""E_JITON"", ""CONTROLE""]";aucune;Onde de poudre d'or lourde qui alourdit : ralentit de 40 % 2 s et Aimante vers le joueur (puis repoussés à 1 m).;"18 ; rayon 5 m ; délai 7 s";Poussière dorée dense à reflets, retombée lourde (particules qui tombent vite).;KG_JITON;Attraction jamais à moins de 1 m du joueur.
JUT_139;Noyau magnétique;CO;RARE;ZONE;"[""E_JITON"", ""ATTRACTION"", ""PERSISTANT""]";plus_dense;Plante un noyau qui attire les ennemis Aimantés et les ordinaires (r 4 m), puis explose au bout de 3 s.;"Explosion 36 ; attraction 1,5 m/s ; délai 8 s";Octaèdre noir en rotation, lignes de champ en pointillés.;KG_JITON;1 noyau.
JUT_140;Shakuton — Kajōsatsu (Mort par évaporation);OA;RARE;PROJECTILE;"[""E_SHAKUTON""]";plus_menacant;Orbe brûlant qui se colle à la cible et l'assèche : dégâts continus croissants (+15 %/s) 4 s.;"8 → 14 par s ; délai 3,0 s ; vitesse 7 m/s";Sphère orange-blanc à anneau de vapeur, cible qui pâlit progressivement.;KG_SHAKUTON;1 orbe par cible.
JUT_141;Constellation brûlante;CO;RARE;ORBITE;"[""E_SHAKUTON""]";aucune;"3 orbes de chaleur tournent autour du joueur ; toutes les 3 s, un orbe se détache vers une cible et est remplacé.";"Contact 8 ; projection 22 + Brûlure +2 ; permanente";Orbes à cœur blanc et anneau de vapeur, trajectoire d'éjection en arc.;KG_SHAKUTON;—
JUT_142;Évaporation;CO;RARE;ZONE;"[""E_SHAKUTON"", ""PERSISTANT""]";plus_dense;Zone de chaleur sèche (3 m) : dégâts ×1,5 contre les cibles Trempées (qui perdent leur état) et crée de la Vapeur.;"7 par tick de 0,5 s ; durée 4 s ; délai 8 s";Distorsion thermique en tramage, vapeur blanche au-dessus des cibles.;KG_SHAKUTON;Consomme Trempé : anti-synergie documentée avec SYN_001 (affichée sur la carte).
JUT_143;Yōton — Yōkai no Jutsu (Crachat de lave);OA;RARE;SALVE;"[""E_YOTON"", ""TERRAIN""]";plus_dense;"3 globes de lave en cloche ; à l'impact, flaque de LAVE 3 s qui Corrode.";"20 ; flaque 6 par tick de 0,5 s ; Corrodé ; délai 2,8 s";Globes rouge sombre à croûte noire, flaques incandescentes qui noircissent en bord.;KG_YOTON;Max 6 flaques.
JUT_144;Mur de lave;CO;RARE;ZONE;"[""E_YOTON"", ""PERSISTANT""]";direction;Coulée transversale de 6 m devant le joueur qui ralentit de 30 % et Corrode ceux qui la traversent.;"10 par tick de 0,5 s ; durée 4 s ; délai 9 s";Bande de lave à croûte craquelée, bulles qui éclatent.;KG_YOTON;—
JUT_145;Golem de magma;CO;RARE;INVOCATION;"[""E_YOTON"", ""UNITE_ALLIEE""]";plus_proche;"Une créature de magma sort du sol, avance et laisse une traînée de lave ; explose à la fin.";"Frappe 18 ; traînée 4 par tick ; explosion 40 ; durée 8 s ; délai 16 s";Masse informe de 20 px, croûte qui se fend en marchant.;KG_YOTON;"1 unité ; héritage ANIMAL."
JUT_146;Pluie de scories;CO;RARE;DIFFERE;"[""E_YOTON""]";aleatoire_pondere;"Des scories retombent sur 5 m ; chaque impact laisse une petite flaque qui Corrode.";"14 par impact ; 6 impacts ; délai 5 s";Morceaux noirs à fissures rouges, fumée noire courte.;KG_YOTON;—
JUT_147;Bakuton — C1 (Araignées et oiseaux d'argile);OA;RARE;PROJECTILE;"[""E_BAKUTON"", ""EXPLOSIF""]";plus_proche;"3 petites créatures d'argile marchent ou volent vers des cibles et explosent ; une créature ratée se colle au sol (mine 4 s).";"20 (r 1,3 m) ; délai 1,6 s ; vitesse 7 m/s";Araignées et oiseaux blancs de 6 px, explosion à signe « Katsu » stylisé (pas de texte), nuage blanc-orange.;KG_BAKUTON;Max 6 mines au sol.
JUT_148;Bakuton — C2 (Dragon d'argile);OA;RARE;INVOCATION;"[""E_BAKUTON"", ""UNITE_ALLIEE"", ""EXPLOSIF""]";plus_dense;Un dragon d'argile survole le champ et crache des bombes sur les groupes, puis explose à la fin de sa durée.;"Bombe 26 (r 1,5 m) toutes les 1,2 s ; explosion finale 50 ; durée 9 s ; délai 20 s";Dragon blanc de 40 px sans pattes, bombes en gouttes qui tombent (ombre).;KG_BAKUTON;"1 dragon ; héritage ANIMAL."
JUT_149;Bakuton — C3 (Grande bombe);OA;RARE;DIFFERE;"[""E_BAKUTON"", ""EXPLOSIF""]";plus_dense;Grande figure d'argile qui tombe et grossit 1,5 s avant d'exploser très largement.;"110 ; rayon 5 m ; délai 18 s";Statuette de 24 px qui gonfle à 64 px, détonation en dôme à 5 couches (pas de flash plein écran).;KG_BAKUTON;Micro-pause locale uniquement.
JUT_150;Bakuton — C4 Karura (Nuage de nano-bombes);OA;RARE;ZONE;"[""E_BAKUTON"", ""PERSISTANT""]";plus_dense;"Un nuage invisible (visible au joueur par un tramage allié) se répand sur 4 m ; les ennemis dedans se désintègrent progressivement.";"12 par tick de 0,5 s, ignore 50 % de la résistance ; durée 4 s ; délai 22 s";Tramage pointillé allié, désintégration en pixels qui s'éparpillent (particules décoratives).;KG_BAKUTON+CHR_036;Réservé à Deidara Artiste aérien.
JUT_151;Ranton — Rēzā Sākasu (Cirque laser);OA;RARE;SALVE;"[""E_RANTON""]";plus_proche;8 faisceaux lumineux qui zigzaguent et rebondissent chacun une fois sur une nouvelle cible.;"12 ; 1 rebond ; délai 2,0 s ; vitesse 18 m/s";Faisceaux blanc-cyan à angles vifs, halo en nuage gris.;KG_RANTON;—
JUT_152;Cage d'orage;CO;RARE;ZONE;"[""E_RANTON"", ""E_SUITON"", ""CONTROLE""]";plus_dense;"Nuage d'orage bas de 3 m : pluie (Trempé) et arcs internes ; compte comme Suiton et Raiton pour les synergies.";"8 par tick de 0,5 s ; durée 4 s ; délai 10 s";Nuage gris-bleu bas, pluie oblique, arcs horizontaux.;KG_RANTON;Déclenche SYN_001 au plus 1 fois/s.
JUT_153;Lance d'orage;CO;RARE;RAYON;"[""E_RANTON"", ""PERCANT""]";plus_menacant;Faisceau qui se courbe vers les cibles Trempées dans un cône de 30°.;"36 ; longueur 11 m ; délai 3,2 s";Faisceau courbe à cœur blanc, bords pluvieux.;KG_RANTON;—
JUT_154;Enton — Kagutsuchi no Tsurugi (Lame de flammes noires);OA;RARE;CONTACT;"[""E_ENTON""]";plus_proche;Épée de flammes noires qui frappe en arc de 160° (2,5 m) et applique une Brûlure noire (compte double).;"30 ; Brûlure +2 (noire : dégâts ×2) ; délai 1,6 s";Lame noire à liseré rouge et contour blanc 1 px pour rester lisible sur fond sombre.;KG_ENTON;—
JUT_155;Enton — Kagutsuchi (Pointes de flammes noires);AV;RARE;DIFFERE;"[""E_ENTON""]";marque;Les flammes noires présentes sur une cible jaillissent en pointes vers 3 ennemis voisins.;"26 par pointe ; portée 4 m ; délai 3,0 s";Pointes noires anguleuses à bordure rouge, contour blanc.;KG_ENTON;"Requiert une cible avec Brûlure ; sinon cible la plus proche à 50 %."
JUT_156;Enton — Yasaka Magatama (Magatama de flammes noires);OA;RARE;ORBITE;"[""E_ENTON""]";plus_proche;3 magatama noirs orbitent puis sont lancés en tourbillonnant vers les cibles toutes les 4 s.;"Contact 10 ; lancer 28 + Brûlure noire +1 ; délai 4 s";Virgules noires à cœur rouge, contour blanc, rotation 4 frames.;KG_ENTON;—
JUT_157;Futton — Kōmu no Jutsu (Brume corrosive);OA;RARE;CONE;"[""E_FUTTON"", ""PERSISTANT""]";plus_dense;Souffle une brume acide en cône qui reste 3 s : Corrode et ronge.;"8 par tick de 0,5 s ; Corrodé ; portée 5 m ; délai 7 s";Brume jaune-vert en tramage, silhouettes ennemies qui fument.;KG_FUTTON;—
JUT_158;Geysers bouillants;CO;RARE;DIFFERE;"[""E_FUTTON""]";plus_dense;3 geysers d'eau bouillante jaillissent en triangle : dégâts, Vapeur et Trempé.;"24 par geyser ; délai 4 s";Colonnes blanches à bulles, vapeur persistante 1 s.;KG_FUTTON;—
JUT_159;Jinton — Genkai Hakuri no Jutsu (Détachement du monde primitif);OA;RARE;DIFFERE;"[""E_JINTON""]";plus_dense;Un cube lumineux se forme au centre d'un groupe puis s'étend et désintègre tout ce qu'il contient.;"90, ignore la résistance ; cube 3 m ; délai 16 s";Cube blanc à arêtes nettes, intérieur en quadrillage, disparition des cibles en pixels (particules décoratives).;KG_JINTON;Pas de flash plein écran.
JUT_160;Jinton — Faisceau de poussière;AV;RARE;RAYON;"[""E_JINTON"", ""PERCANT""]";plus_dense;Version en faisceau : prisme allongé de 12 m, lent à se former (0,8 s), ignore la résistance.;"60 ; largeur 0,8 m ; délai 10 s";Prisme blanc à facettes, lignes de quadrillage.;KG_JINTON;—
JUT_161;Konoha Reppū (Rafale de la feuille);OA;TAIJUTSU;CONTACT;"[""E_NEUTRE"", ""CONTROLE""]";plus_proche;Balayage bas en cône de 100° à 1,6 m : fait trébucher (Étourdi 0,3 s).;"14 ; délai 1,1 s";Jambe tendue en 3 frames, arc de poussière rasant, ennemis basculés 1 frame.;LIBRE;—
JUT_162;Omote Renge (Lotus primaire);OA;TAIJUTSU;CONTACT;"[""E_NEUTRE"", ""EXPLOSIF""]";plus_menacant;L'image de frappe saisit la cible la plus menaçante, l'emporte en vrille et l'écrase au sol (onde de 2 m).;"70 ; onde 25 ; délai 8,0 s ; portée de saisie 5 m";Bandages déroulés en ruban, vrille en 6 frames, cratère et anneau de poussière.;APT_PORTES;"Boss : pas de saisie ; frappe verticale 70 + Vulnérable +10 %."
JUT_163;Ura Renge (Lotus inversé);OA;TAIJUTSU;CONTACT;"[""E_NEUTRE""]";plus_menacant;Série aérienne de 6 frappes sur une élite ou le boss, finie par un coup double au sol.;"6 × 12 + 40 ; délai 10 s";Images rémanentes rouges (vitesse), impacts en étoile à chaque frappe.;APT_PORTES;Cible : élite ou boss en priorité, sinon ennemi le plus résistant.
JUT_164;Konoha Senpū (Tourbillon de la feuille);OA;TAIJUTSU;CONTACT;"[""E_NEUTRE""]";aucune;Déplacement volontaire : l'esquive du joueur devient un coup de pied tournoyant qui frappe tout ce qu'il traverse.;"26 par esquive ; rayon 1,4 m ; délai = recharge de l'esquive";Rotation 360° en 4 frames pendant l'esquive, trainée de feuilles.;LIBRE;Ne se déclenche que sur esquive du joueur.
JUT_165;Enchaînement de coups de pied;CO;TAIJUTSU;CONTACT;"[""E_NEUTRE""]";plus_proche;5 coups de pied rapides vers l'avant, chacun légèrement plus loin (1,2 → 2 m).;"5 × 7 ; délai 1,4 s";Pieds en arcs successifs, impacts en éventail.;LIBRE;—
JUT_166;Dynamic Entry (Entrée dynamique);OA;TAIJUTSU;CONTACT;"[""E_NEUTRE""]";plus_menacant;"Une image de frappe fond de loin (8 m) sur l'ennemi le plus menaçant et le projette ; les ennemis heurtés sur sa trajectoire sont touchés.";"38 ; trajectoire 12 ; délai 4,5 s";Silhouette en coup de pied sauté, lignes de vitesse, impact en étoile.;APT_PORTES;—
JUT_167;Asa Kujaku (Paon du matin);OA;TAIJUTSU;CONE;"[""E_NEUTRE""]";plus_dense;Rafale de coups si rapides qu'ils s'enflamment par friction : cône de 80° sur 4 m, applique Brûlure (sans tag Katon : non-chakra).;"12 coups × 6 ; Brûlure +1 par 3 coups ; délai 5,0 s";"Éventail de poings stylisés en plumes de paon enflammées ; la couleur ne change pas l'élément.";APT_PORTES;Ne compte pas comme Katon pour les synergies (règle §R6).
JUT_168;Hirudora (Tigre du jour);OA;TAIJUTSU;PROJECTILE;"[""E_NEUTRE"", ""EXPLOSIF"", ""PERCANT""]";plus_dense;Un coup unique comprime l'air en un tigre énorme qui fonce et explose au bout de 8 m.;"60 en traversée ; explosion 80 (r 3,5 m) ; délai 16 s";Tigre d'air translucide de 48 px à contour blanc, souffle qui couche l'herbe.;APT_PORTES+CHR_045;"Réservé à Might Guy ; micro-pause locale 60 ms."
JUT_169;Sekizō (Éléphant du soir);OA;TAIJUTSU;SALVE;"[""E_NEUTRE"", ""PERCANT""]";plus_menacant;5 coups successifs projettent 5 masses d'air en ligne droite, chacune plus forte.;"20 / 25 / 30 / 35 / 40 ; perce tout ; délai 12 s";Poings en impacts de pression concentriques, lignes droites.;APT_PORTES+CHR_045;Réservé à Might Guy.
JUT_170;Suiken (Poing ivre);OA;TAIJUTSU;CONTACT;"[""E_NEUTRE""]";aleatoire_pondere;"Frappes erratiques dans des directions pseudo-aléatoires autour du joueur (2 m) ; chaque frappe a 25 % de chance de doubler.";"11 ; 1 frappe/0,35 s ; permanente";Mouvements chaloupés du sprite (animation spécifique), impacts en virgules.;CHR_015;Utilise le flux RNG de combat (reproductible).
JUT_171;Shishi Rendan (Combo du lion);OA;TAIJUTSU;CONTACT;"[""E_NEUTRE""]";plus_proche;"Projette un ennemi en l'air puis l'abat au sol ; l'impact touche ceux qui sont en dessous.";"18 + 30 (r 1,5 m) ; délai 3,5 s";Coup de pied montant, cible en l'air (ombre), talon descendant.;DOJ_SHARINGAN|APT_PORTES;—
JUT_172;Lariat;OA;TAIJUTSU;CONTACT;"[""E_NEUTRE"", ""PERCANT""]";direction;Une image de frappe charge 5 m en avant bras tendu et fauche tout sur son passage.;"34 ; largeur 1,2 m ; délai 4,0 s";Silhouette musclée en course, bras en lame blanche, souffle en V.;CHR_070|CHR_058;—
JUT_173;Guillotine Drop (Chute guillotine);AV;TAIJUTSU;DIFFERE;"[""E_NEUTRE""]";plus_menacant;Ombre allié au sol (0,6 s), puis talon d'une image de frappe tombant du ciel.;"65 ; rayon 2 m ; délai 6,0 s";Ombre en forme de jambe, impact vertical à fissures radiales.;CHR_070;—
JUT_174;Tsūtenkyaku (Talon céleste);OA;TAIJUTSU;DIFFERE;"[""E_NEUTRE"", ""TERRAIN""]";plus_dense;Coup de talon qui fend le sol : cratère de 2,5 m et fissure de 5 m vers l'avant.;"52 ; fissure 20 ; délai 6,0 s";Talon levé 4 frames, sol qui se soulève en plaques.;CHR_029|CHR_007|CHR_011;—
JUT_175;Ōkashō (Poing de cerisier);OA;TAIJUTSU;CONTACT;"[""E_NEUTRE""]";plus_proche;Coup de poing au sol qui projette des éclats de roche en cône de 60° sur 4 m.;"Poing 40 ; éclats 6 × 8 ; délai 2,6 s";Poing entouré d'un halo de chakra rose (contour 1 px), éclats anguleux.;CHR_007|CHR_011|CHR_029;—
JUT_176;Contre-attaque;CO;TAIJUTSU;CONTACT;"[""E_NEUTRE""]";plus_proche;Réactif : quand un ennemi entre à 1,2 m et que la technique est prête, riposte instantanée qui le repousse.;"30 ; recul 2 m ; délai 1,5 s";Garde levée 1 frame, coup de paume, onde en croissant.;LIBRE;—
JUT_177;Mille poings;CO;TAIJUTSU;CONTACT;"[""E_NEUTRE""]";plus_proche;Rafale de 8 coups de poing rapides à courte portée sur la cible la plus proche.;"8 × 5 ; portée 1,3 m ; délai 1,6 s";Poings démultipliés (3 images rémanentes), impacts en pluie d'étoiles.;LIBRE;—
JUT_178;Saut de la grue;CO;TAIJUTSU;CHAINE;"[""E_NEUTRE""]";plus_proche;Une image de frappe bondit de tête en tête sur 3 ennemis (trajet visible), le dernier bond frappe en zone.;"18 par bond ; final 24 (r 1,2 m) ; portée de bond 4 m ; délai 2,8 s";Silhouette en arc, ombre qui suit, poussière à chaque appui.;LIBRE;—
JUT_179;Onde du poing au sol;CO;TAIJUTSU;ONDE;"[""E_NEUTRE""]";aucune;Frappe le sol : onde de choc de 3 m qui soulève la poussière.;"20 ; recul 1 m ; délai 2,5 s";Poing au sol, anneau de terre soulevée (non Doton).;LIBRE;—
JUT_180;Genou volant;CO;TAIJUTSU;CONTACT;"[""E_NEUTRE""]";plus_proche;"Frappe du genou qui projette la cible ; l'ennemi projeté blesse ceux qu'il percute (effet « quilles »).";"24 ; projection 4 m ; collision 16 ; délai 2,0 s";Genou en impact, cible qui tournoie, étoiles d'impact sur les percutés.;LIBRE;Collision = SECONDAIRE.
JUT_181;Posture de fer;CO;TAIJUTSU;CONTACT;"[""E_NEUTRE"", ""BOUCLIER""]";aucune;Rester immobile 0,5 s active une garde : −30 % dégâts subis et riposte à chaque contact subi.;"Riposte 18 ; réduction −30 % ; active tant que le joueur est immobile";Pose de garde dédiée, anneau au sol fixe.;LIBRE;Réduction comptée dans le plafond de 60 %.
JUT_182;Kage Buyō (Ombre de la feuille dansante);OA;TAIJUTSU;CONTACT;"[""E_NEUTRE""]";marque;Frappe automatiquement 2 fois chaque ennemi projeté en l'air (par n'importe quelle source) à 5 m.;"2 × 14 ; délai interne 0,3 s par cible";Image de frappe qui suit la cible en l'air, deux impacts secs.;LIBRE;Sans ennemi en l'air : inactif (carte avertit « Nécessite une projection »).
JUT_183;Coups en écho;CO;TAIJUTSU;DIFFERE;"[""E_NEUTRE"", ""MARQUE""]";plus_menacant;Marque une cible : 30 % des dégâts de taijutsu qu'elle reçoit pendant 2 s sont restitués d'un coup à la fin.;"Restitution 30 % (+10 de base) ; délai 4,0 s";Marque en forme de poing, compteur de chocs (1 à 3 anneaux), éclat final.;LIBRE;Plafond de restitution : 200.
JUT_184;Kenatsu (Pression des poings);CO;TAIJUTSU;CONTACT;"[""E_NEUTRE""]";plus_proche;Frappe au contact si un ennemi est à 1,5 m, sinon projette une onde d'air jusqu'à 5 m (garantit une portée minimale aux builds de mêlée).;"Contact 20 / onde 12 ; délai 0,9 s";"Poing avec anneau de pression ; onde en croissant transparent.";LIBRE;—
JUT_185;Kunai en éventail;CO;OUTIL;SALVE;"[""E_NEUTRE""]";plus_proche;Lance 3 kunai en éventail de 30° vers la cible la plus proche.;"10 ; délai 1,0 s ; vitesse 14 m/s ; portée 9 m";Kunai noirs de 6 px à reflet d'1 px, traînée de 2 frames, planté au sol 0,3 s en cas d'échec.;LIBRE;—
JUT_186;Lancer de shuriken;OA;OUTIL;PROJECTILE;"[""E_NEUTRE"", ""REBOND""]";plus_proche;Shuriken rapide qui rebondit une fois vers un second ennemi.;"8 ; 1 rebond ; délai 0,6 s ; vitesse 16 m/s";Étoile à 4 branches en rotation 2 frames.;LIBRE;—
JUT_187;Fūma Shuriken (Shuriken démoniaque);OA;OUTIL;PROJECTILE;"[""E_NEUTRE"", ""PERCANT""]";plus_dense;Grand shuriken qui décrit un arc large, perce tout et revient.;"24 ; rayon 0,8 m ; délai 3,0 s ; portée 7 m";Shuriken pliant de 16 px, sifflement de rotation, ombre au sol.;LIBRE;1 touche par cible par passage.
JUT_188;Kage Shuriken no Jutsu (Shuriken de l'ombre);OA;OUTIL;PROJECTILE;"[""E_NEUTRE""]";plus_menacant;Un shuriken en cache un second dans son ombre : si le premier touche, le second frappe la même cible 0,15 s après avec +50 %.;"16 puis 24 ; délai 2,0 s";Deux shuriken superposés, séparation visible à l'impact.;LIBRE;—
JUT_189;Kibaku Fuda (Étiquette explosive);OA;OUTIL;DIFFERE;"[""E_NEUTRE"", ""EXPLOSIF""]";plus_dense;Kunai muni d'une étiquette qui se fiche dans le sol près d'un groupe et explose 1 s plus tard.;"32 ; rayon 2 m ; délai 2,5 s";Étiquette qui se consume en 3 frames (grésillement), explosion orange-blanc en boule.;LIBRE;Détruit les obstacles destructibles.
JUT_190;Senbon;OA;OUTIL;SALVE;"[""E_NEUTRE""]";plus_proche;Salve de 4 aiguilles fines, chance critique +15 %.;"6 ; crit +15 % ; délai 0,8 s ; vitesse 20 m/s";Traits de 1 × 5 px, reflet métallique fugace.;LIBRE;—
JUT_191;Makibishi (Chausse-trapes);OA;OUTIL;PIEGE;"[""E_NEUTRE""]";chemin;Répand des chausse-trapes derrière le joueur : dégâts et ralentissement de 30 % 1 s.;"6 par pas ; max 20 pointes ; durée 8 s ; délai 3,0 s";Petites pointes de 3 px à reflet, éparpillées en arc.;LIBRE;1 touche par ennemi par 0,5 s.
JUT_192;Fil d'acier tendu;OA;OUTIL;ZONE;"[""E_NEUTRE"", ""CONTROLE""]";plus_dense;"Tend un fil de 5 m entre deux points ; les ennemis qui le franchissent sont Entravés 0,8 s.";"8 ; Entravé 0,8 s ; durée 6 s ; délai 5 s";Ligne de 1 px grise qui scintille, vibration au contact.;LIBRE;Max 2 fils.
JUT_193;Sōshōryū (Dragons jumeaux ascendants);OA;OUTIL;DIFFERE;"[""E_NEUTRE""]";plus_dense;Deux rouleaux s'élèvent en spirale et font pleuvoir des dizaines d'armes sur 4 m.;"24 armes × 7 ; délai 7 s";Deux rouleaux en double hélice, armes variées (kunai, shuriken, faucilles) qui tombent.;CHR_048|CHR_049;—
JUT_194;Rafale d'armes invoquées;OA;OUTIL;SALVE;"[""E_NEUTRE""]";plus_proche;Invoque depuis un rouleau une rafale alternant kunai (perçant), shuriken (rebond) et kusarigama (recul).;"6 armes × 9 ; délai 1,6 s";Rouleau déroulé 2 frames, cycle d'armes lisible par forme.;CHR_048|CHR_049;—
JUT_195;Kusarigama (Faucille à chaîne);OA;OUTIL;CONTACT;"[""E_NEUTRE"", ""ATTRACTION""]";plus_menacant;La chaîne harponne une cible à 5 m et la ramène à 1,5 m, puis la faucille la frappe.;"10 + 22 ; délai 3,0 s";Chaîne de maillons 2 px, faucille en arc brillant.;LIBRE;Élites et boss non attirés (frappe à distance à 50 %).
JUT_196;Hien (Lames de chakra de l'hirondelle);OA;OUTIL;CONTACT;"[""E_FUTON""]";plus_proche;Poings américains à lames prolongées par le vent : double taille en X à 2,2 m qui applique Entaillé.;"2 × 14 ; Entaillé +1 ; délai 1,2 s";Lames courtes prolongées d'une lame de vent translucide.;ELEM_FUTON+CHR_052|ELEM_FUTON+CHR_020;—
JUT_197;Kubikiribōchō (Grand couperet);OA;OUTIL;CONTACT;"[""E_NEUTRE""]";plus_dense;"Balayage lent à 180° (3 m) ; chaque élimination répare la lame : +2 % dégâts (max +30 %, perdus à 10 s sans élimination).";"38 ; délai 2,4 s";Lame de 32 px à trou circulaire, arc lourd en 5 frames, éclaboussures stylisées non réalistes.;CHR_054|CHR_076;—
JUT_198;Samehada (Peau de requin);OA;OUTIL;CONTACT;"[""E_NEUTRE""]";plus_proche;Coup d'épée écailleuse en arc de 120° (2,5 m) : chaque ennemi touché rend 0,5 chakra.;"26 ; chakra 0,5 par cible ; délai 1,6 s";Épée couverte d'écailles qui s'hérissent à l'impact.;CHR_033|CHR_034|CHR_058;Plafond global de chakra (12/s).
JUT_199;Kusanagi (Estoc);OA;OUTIL;CONTACT;"[""E_NEUTRE"", ""PERCANT""]";plus_menacant;"Estoc éclair qui s'allonge sur 4 m et transperce ; hérite du tag Raiton si Chidori Nagashi est possédé.";"34 ; délai 1,4 s";Lame droite fine, éclat blanc sur la longueur.;CHR_005|CHR_006|CHR_030;—
JUT_200;Tantō (Sabre court);CO;OUTIL;CONTACT;"[""E_NEUTRE""]";plus_proche;"Deux entailles rapides ; +50 % dégâts aux cibles qui ne font pas face au joueur (dos).";"2 × 12 ; délai 0,8 s";Lame courte à reflet, deux arcs croisés.;APT_KENJ;—
JUT_201;Nunchaku de Guy;AV;OUTIL;CONTACT;"[""E_NEUTRE""]";aucune;Tournoiement continu autour du joueur (2 m), frappes rapides qui repoussent un peu.;"7 par frappe ; 1 frappe/0,25 s par cible ; durée 3 s ; délai 5 s";Nunchaku en cercle flou (3 frames), éclats d'impact.;CHR_045;—
JUT_202;Karasu (Marionnette du corbeau);OA;OUTIL;INVOCATION;"[""E_NEUTRE"", ""UNITE_ALLIEE"", ""MARIONNETTE""]";plus_proche;Marionnette reliée par fils qui vole vers les ennemis et frappe avec des lames empoisonnées.;"14 + Empoisonné +1 ; intervalle 0,7 s ; permanente ; portée des fils 7 m";Marionnette à 3 yeux, bras articulés en poses mécaniques (pas d'interpolation), fils bleus fins.;APT_MARIO;1 Karasu.
JUT_203;Kuroari (Marionnette de la fourmi noire);OA;OUTIL;INVOCATION;"[""E_NEUTRE"", ""UNITE_ALLIEE"", ""MARIONNETTE"", ""CONTROLE""]";plus_menacant;"Emprisonne la cible la plus menaçante 2 s dans son torse ; si Karasu est présent, il la transperce pour ×2 dégâts.";"20 (40 avec Karasu) ; délai 7 s";Marionnette massive dont le torse s'ouvre en 3 frames.;APT_MARIO;Boss : Vulnérable +10 %.
JUT_204;Sanshōuo (Marionnette de la salamandre);OA;OUTIL;INVOCATION;"[""E_NEUTRE"", ""UNITE_ALLIEE"", ""MARIONNETTE"", ""BOUCLIER""]";aucune;Marionnette-bouclier qui se place entre le joueur et le projectile ennemi le plus proche et l'arrête.;"Bloque 1 projectile/0,6 s ; permanente";Carapace plate à écailles de bois, déploiement en éventail.;APT_MARIO;Ne bloque pas les télégraphes de boss.
JUT_205;Hiruko;OA;OUTIL;INVOCATION;"[""E_NEUTRE"", ""UNITE_ALLIEE"", ""MARIONNETTE""]";plus_proche;Marionnette blindée à queue de scorpion : balayages empoisonnés à 3 m.;"18 + Empoisonné +2 ; intervalle 1,0 s ; permanente";Silhouette voûtée, queue segmentée qui fouette en 4 frames.;APT_MARIO+CHR_037;—
JUT_206;Aiguilles empoisonnées;OA;OUTIL;SALVE;"[""E_NEUTRE""]";plus_proche;Salve de 5 aiguilles enduites : chacune pose 1 cumul de Poison.;"4 + Empoisonné +1 ; délai 1,2 s";Aiguilles à pointe violette, cible qui verdit par palier.;APT_MARIO|APT_MED;—
JUT_207;Chikamatsu no Jikki (Les dix marionnettes);OA;OUTIL;INVOCATION;"[""E_NEUTRE"", ""UNITE_ALLIEE"", ""MARIONNETTE""]";plus_dense;"Déploie 3 marionnettes aux armes différentes (lance, bouclier, lame) ; le niveau augmente leur nombre.";"12 chacune ; intervalle 0,8 s ; permanente";Dix silhouettes distinctes à terme, fils de 10 doigts.;CHR_074;Compte dans le plafond de 8 unités.
JUT_208;Chakra no Ito (Fils de chakra);OA;OUTIL;RAYON;"[""E_NEUTRE"", ""CONTROLE""]";plus_proche;Fils qui prennent le contrôle d'un ennemi ordinaire 3 s : il attaque ses alliés (Confus renforcé).;"0 ; contrôle 3 s ; délai 6 s ; portée 7 m";Fils bleus du bout des doigts à la cible, cible au contour bleu.;APT_MARIO;"Ordinaires uniquement ; 1 cible."
JUT_209;Kunai piégé;CO;OUTIL;PIEGE;"[""E_NEUTRE"", ""EXPLOSIF""]";chemin;Deux kunai reliés par un fil explosif sur le chemin des ennemis : le premier franchissement fait sauter toute la ligne.;"28 sur la ligne (4 m) ; max 2 ; délai 4 s";Fil scintillant avec étiquettes, explosion en chapelet.;LIBRE;—
JUT_210;Bombe fumigène;OA;OUTIL;ZONE;"[""E_NEUTRE"", ""CONTROLE""]";aucune;"Déclenchée par l'esquive : nuage de 2,5 m ; les ennemis dedans perdent la cible 1,5 s.";"0 ; délai = esquive (min 4 s)";Volutes grises en 3 tons, bords nets pour ne pas masquer les télégraphes.;LIBRE;—
JUT_211;Frappe du grand éventail;OA;OUTIL;CONTACT;"[""E_FUTON""]";plus_proche;"Coup d'éventail à 180° (2 m) qui projette ; relance de 20 % le délai de la technique Fūton la plus lente.";"22 ; recul 2 m ; délai 2,0 s";Éventail géant à 3 lunes, arc de vent.;CHR_026;Réduction du délai : 1 fois par coup.
JUT_212;Sept sabres de Bee;OA;OUTIL;CONTACT;"[""E_NEUTRE""]";aucune;Sept sabres tenus en tous sens : rafale circulaire à 1,8 m au rythme d'une rime (4 temps, 4e temps ×2).;"9 × 7 par cycle ; cycle 1,6 s";"Sabres tenus par mains, aisselle et bouche ; pose rythmique en 4 frames.";CHR_058;—
JUT_213;Bashōsen (Éventail de bananier);OA;OUTIL;CONE;"[""E_NEUTRE""]";plus_dense;Éventail du Sage : chaque usage produit un élément différent en cycle Katon → Suiton → Raiton → Fūton (tags alternés).;"24 ; angle 60° ; portée 5 m ; délai 2,4 s";"Éventail ocre ; l'effet emprunte la grammaire visuelle de l'élément du tour.";CHR_049;L'élément du tour est affiché sur l'icône du HUD.
JUT_214;Spirale de kunai;CO;OUTIL;SALVE;"[""E_NEUTRE""]";aucune;8 kunai lancés en spirale sur 360° en 1 s (contrôle de zone).;"9 ; délai 2,5 s ; vitesse 12 m/s";Spirale de traits noirs lisible depuis le dessus.;LIBRE;—
JUT_215;Shuriken récupérables;CO;OUTIL;PROJECTILE;"[""E_NEUTRE""]";plus_proche;"Les shuriken restent plantés au sol ; passer dessus les récupère et les relance aussitôt avec +50 % dégâts.";"12 (18 relancé) ; max 6 au sol ; délai 1,2 s";Shuriken plantés à 45°, reflet pulsé pour être vus.;LIBRE;Durée au sol 6 s.
JUT_216;Gunbai (Éventail de guerre);OA;OUTIL;CONTACT;"[""E_NEUTRE"", ""BOUCLIER""]";aucune;Toutes les 5 s, absorbe les projectiles ennemis frontaux 1 s puis les renvoie en rafale de vent.;"Rafale 20 + 5 par projectile absorbé ; délai 5 s";Éventail rond laqué, tourbillon absorbé visible sur sa surface.;CHR_043|CHR_044|CHR_062;Max 12 projectiles absorbés.
JUT_217;Kage Bunshin no Jutsu (Multiclonage);OA;INVOC;INVOCATION;"[""E_NEUTRE"", ""UNITE_ALLIEE"", ""CLONE""]";plus_proche;"Invoque un clone toutes les 5 s ; il dure 4 s et frappe la cible proche. Au plafond : la nouvelle invocation RAFRAÎCHIT la durée du clone le plus ancien (pas de remplacement, pas d'attente).";"18 par frappe ; intervalle 0,9 s ; durée 4 s ; délai 5 s ; plafond 1";"Nuage de fumée bref (6 frames), silhouette révélée, bandeau et couleurs du personnage ; contour bleu clair 1 px et palette désaturée de 15 % pour distinguer le clone.";CHR_001|CHR_002|CHR_003|CHR_008|CHR_009|CHR_010|CHR_027|CHR_028|CHR_031|CHR_032|CHR_079;Ne peut ni invoquer un clone ni reproduire un effet qui s'auto-déclenche.
JUT_218;Tajū Kage Bunshin (Multiclonage de masse);OA;INVOC;INVOCATION;"[""E_NEUTRE"", ""UNITE_ALLIEE"", ""CLONE""]";plus_dense;Libère une vague de 6 clones fragiles qui chargent le groupe le plus dense, frappent une fois et disparaissent.;"6 clones × 14 ; délai 9 s ; durée max 2 s";Explosion de fumée en rangée, silhouettes en course (4 frames), disparitions en chaîne.;CHR_001|CHR_002|CHR_003;Clones éphémères : comptent 1 seul emplacement du plafond d'unités.
JUT_219;Bunshin Daibakuha (Clone explosif);OA;INVOC;INVOCATION;"[""E_NEUTRE"", ""UNITE_ALLIEE"", ""CLONE"", ""EXPLOSIF""]";plus_dense;Un clone court vers le groupe le plus dense et explose au contact.;"Explosion 45 (r 2,5 m) ; délai 6 s";"Clone qui se gonfle de lumière 3 frames avant l'explosion ; contour clignotant d'avertissement allié.";CHR_031|CHR_032;L'explosion est SECONDAIRE.
JUT_220;Mizu Bunshin (Clone d'eau);OA;INVOC;INVOCATION;"[""E_SUITON"", ""UNITE_ALLIEE"", ""CLONE"", ""TERRAIN""]";plus_proche;"2 clones d'eau frappent et Trempent ; à leur disparition, ils laissent une flaque d'EAU.";"12 par frappe ; intervalle 1,0 s ; durée 5 s ; délai 7 s";"Silhouette bleue translucide, écoulement en bas du sprite ; flaque à la fin.";ELEM_SUITON;—
JUT_221;Tsuchi Bunshin (Clone de terre);OA;INVOC;INVOCATION;"[""E_DOTON"", ""UNITE_ALLIEE"", ""CLONE"", ""ATTRACTION""]";plus_dense;Clone lourd qui attire les ennemis ordinaires à 3 m (provocation) puis s'effondre en boue qui Ensable.;"Frappe 16 ; effondrement 20 + Ensablé +2 ; durée 6 s ; délai 10 s";Clone brun à texture de terre, effondrement en tas.;ELEM_DOTON;—
JUT_222;Raiton — Kage Bunshin (Clone de foudre);OA;INVOC;INVOCATION;"[""E_RAITON"", ""UNITE_ALLIEE"", ""CLONE""]";plus_proche;"Clone chargé d'électricité ; quand il est heurté par un ennemi ou expire, il se décharge en zone et Électrise.";"Frappe 14 ; décharge 30 (r 2,5 m) ; durée 5 s ; délai 8 s";Clone traversé d'étincelles, décharge en éclairs radiaux.;ELEM_RAITON+DOJ_SHARINGAN;—
JUT_223;Karasu Bunshin (Clone de corbeaux);OA;INVOC;INVOCATION;"[""E_NEUTRE"", ""UNITE_ALLIEE"", ""CLONE"", ""CONTROLE""]";plus_proche;"Leurre qui attire les attaques ; il se disperse ensuite en 8 corbeaux qui Aveuglent les ennemis touchés.";"Corbeaux 8 × 6 ; Aveuglé 1,5 s ; durée 4 s ; délai 9 s";Silhouette qui se défait en corbeaux noirs à contour clair (lisibles sur fond sombre).;CTR_CORBEAU;—
JUT_224;Kuchiyose — Gamabunta;OA;INVOC;INVOCATION;"[""E_NEUTRE"", ""UNITE_ALLIEE"", ""GEANT""]";plus_dense;Invocation géante : le chef crapaud atterrit (onde), donne 2 coups de sabre larges puis repart.;"Atterrissage 60 (r 4 m) ; sabre 2 × 70 (arc 8 m) ; durée 8 s ; délai 60 s";"Crapaud de 96 px, pipe et sabre ; transparence 55 % au-dessus des télégraphes (§B9.4).";CTR_CRAPAUD;"1 géant ; héritage GEANT."
JUT_225;Kuchiyose — Crapauds de combat;OA;INVOC;INVOCATION;"[""E_NEUTRE"", ""UNITE_ALLIEE"", ""ANIMAL""]";plus_proche;2 petits crapauds bondissent d'ennemi en ennemi et les frappent de la langue (attraction de 1 m).;"10 par coup ; intervalle 0,8 s ; durée 8 s ; délai 10 s";Crapauds de 12 px, bonds en arc, langue de 3 frames.;CTR_CRAPAUD;—
JUT_226;Kuchiyose — Manda;OA;INVOC;INVOCATION;"[""E_NEUTRE"", ""UNITE_ALLIEE"", ""GEANT"", ""CONTROLE""]";plus_dense;Serpent géant qui encercle un grand groupe puis se resserre (Entravé 1,5 s) et l'écrase.;"Constriction 80 (anneau de 6 m) ; durée 8 s ; délai 60 s";"Serpent violet de 128 px de long en anneau ; écailles en 2 tons ; tête télégraphie la fermeture.";CTR_SERPENT;1 géant.
JUT_227;Sen'ei Tajashu (Mains-serpents multiples);OA;INVOC;CONTACT;"[""E_NEUTRE""]";plus_proche;"Des serpents jaillissent des manches et mordent jusqu'à 4 cibles à 3,5 m ; Empoisonné +1.";"14 par morsure ; délai 1,6 s";Serpents fins à 3 frames de détente, gueules ouvertes.;CTR_SERPENT;Pas une unité : extension du joueur.
JUT_228;Kuchiyose — Katsuyu (Limace);OA;INVOC;INVOCATION;"[""E_NEUTRE"", ""UNITE_ALLIEE"", ""ANIMAL"", ""SOIN""]";plus_proche;Une petite limace se colle au joueur : soigne 1 PV/s et crache de l'acide qui Corrode.;"Acide 12 + Corrodé ; intervalle 1,5 s ; soin 1 PV/s ; permanente";Limace blanche et bleue de 10 px sur l'épaule, jet d'acide en arc.;CTR_LIMACE;Soin soumis au plafond §B4.5.
JUT_229;Kuchiyose — Meute de ninken;OA;INVOC;INVOCATION;"[""E_NEUTRE"", ""UNITE_ALLIEE"", ""ANIMAL"", ""CONTROLE""]";plus_menacant;8 chiens surgissent du sol et mordent chacun une cible différente pour l'immobiliser 1,5 s.;"8 × 12 ; Entravé 1,5 s ; délai 12 s";Chiens de 10 px distincts (tailles et couleurs), sortie du sol en poussière.;CTR_CHIEN;Compte 1 emplacement du plafond d'unités.
JUT_230;Akamaru;OA;INVOC;INVOCATION;"[""E_NEUTRE"", ""UNITE_ALLIEE"", ""ANIMAL""]";plus_proche;Compagnon permanent qui suit le joueur, mord et aboie (onde qui repousse, 1 fois/6 s).;"Morsure 12 ; intervalle 0,8 s ; aboiement 8 ; permanente";Chien blanc de 14 px (24 px en variante adulte), oreilles animées.;CLAN_INUZUKA;Ne bloque jamais le joueur.
JUT_231;Kuchiyose — Enma (Bâton adamantin);OA;INVOC;CONTACT;"[""E_NEUTRE""]";plus_dense;Le roi singe se change en bâton qui s'allonge à 6 m et balaie un arc de 90°.;"40 ; recul 2 m ; délai 3,2 s";Bâton noir à anneaux dorés qui s'étire (3 frames), visage de singe gravé.;CTR_SINGE;—
JUT_232;Kuchiyose — Kirikiri Mai (Danse tranchante de Kamatari);OA;INVOC;PROJECTILE;"[""E_FUTON"", ""PERCANT""]";plus_dense;La belette à faux traverse tout l'écran en tornade et entaille tout sur son passage.;"30 ; Entaillé +2 ; largeur 2 m ; délai 10 s";Belette borgne à faux, tornade de lames autour, sillage de feuilles hachées.;CTR_BELETTE;—
JUT_233;Kuchiyose — Requins;OA;INVOC;INVOCATION;"[""E_SUITON"", ""UNITE_ALLIEE"", ""ANIMAL""]";plus_proche;Sur chaque surface EAU, un requin surgit toutes les 2 s pour mordre un ennemi à 2 m de la flaque.;"22 par morsure ; permanent tant qu'il y a de l'eau";Aileron qui fend la flaque, saut hors de l'eau en 3 frames.;CTR_REQUIN;Max 3 requins simultanés.
JUT_234;Kuchiyose — Faucon;OA;INVOC;INVOCATION;"[""E_NEUTRE"", ""UNITE_ALLIEE"", ""ANIMAL""]";plus_menacant;Un faucon plane et pique sur les tireurs et assassins en priorité.;"26 par piqué ; intervalle 1,6 s ; permanente";Rapace de 16 px, ombre au sol distincte, piqué en 3 frames.;CTR_FAUCON;—
JUT_235;Chōjū Giga (Fauves d'encre);OA;INVOC;INVOCATION;"[""E_NEUTRE"", ""UNITE_ALLIEE"", ""ANIMAL""]";plus_dense;"2 lions d'encre bondissent sur les groupes ; à la mort ils éclatent en encre qui Encre les voisins.";"18 par coup ; intervalle 1,0 s ; durée 6 s ; délai 8 s";Fauves noirs au trait de pinceau, éclaboussures d'encre.;APT_ENCRE;—
JUT_236;Chōjū Giga — Serpents d'encre;AV;INVOC;CHAINE;"[""E_NEUTRE"", ""CONTROLE""]";plus_proche;Serpents d'encre qui ligotent en chaîne jusqu'à 4 ennemis (Entravé 1 s) et les Encrent.;"10 ; 4 cibles ; délai 4 s";Lignes d'encre ondulantes qui s'enroulent.;APT_ENCRE;—
JUT_237;Kuchiyose — Cerbère (Chemin animal);OA;INVOC;INVOCATION;"[""E_NEUTRE"", ""UNITE_ALLIEE"", ""ANIMAL""]";plus_dense;"Chien à plusieurs têtes ; chaque fois qu'il élimine 5 ennemis, il se divise (max 3 chiens).";"20 par morsure ; intervalle 0,9 s ; durée 10 s ; délai 15 s";Chien massif aux yeux cerclés, division en fumée.;DOJ_RINNEGAN;Les copies sont des ANIMAL (pas des clones).
JUT_238;Kuchiyose — Rhinocéros cuirassé;OA;INVOC;INVOCATION;"[""E_NEUTRE"", ""UNITE_ALLIEE"", ""ANIMAL""]";direction;Charge en ligne droite sur 10 m en renversant tout, puis disparaît.;"36 ; recul 2 m ; délai 7 s";Rhinocéros de 32 px, poussière massive, cornes en avant.;DOJ_RINNEGAN;—
JUT_239;Kuchiyose — Tortue;AV;INVOC;INVOCATION;"[""E_NEUTRE"", ""UNITE_ALLIEE"", ""ANIMAL"", ""BOUCLIER""]";aucune;"Tortue qui suit le joueur et se place devant le plus gros projectile ennemi (bloque 1/1,5 s) ; carapace qui repousse au contact.";"Contact 10 ; bloque 1 projectile/1,5 s ; permanente";Tortue de 16 px au gilet vert, rentrée dans la carapace à chaque blocage.;CHR_045;Ne bloque pas les télégraphes de boss.
JUT_240;Mokuton Bunshin (Clone de bois);OA;INVOC;INVOCATION;"[""E_MOKUTON"", ""UNITE_ALLIEE"", ""CLONE"", ""CONTROLE""]";plus_proche;Clone de bois qui combat 6 s puis se fige en arbre qui Entrave les ennemis au contact 2 s.;"Frappe 16 ; racines 12 + Entravé ; durée 6 s + arbre 4 s ; délai 9 s";Clone à texture de fibres, transformation en arbre en 5 frames.;KG_MOKUTON;—
JUT_241;Suna Bunshin (Clone de sable);OA;INVOC;INVOCATION;"[""E_SABLE"", ""UNITE_ALLIEE"", ""CLONE""]";plus_proche;"Clone de sable qui frappe ; à sa disparition, il enveloppe l'ennemi le plus proche (Ensablé +3).";"Frappe 14 ; enveloppe 25 ; durée 5 s ; délai 8 s";Silhouette granuleuse qui s'effrite par le bas.;KG_SABLE;—
JUT_242;Fukasaku et Shima (Anciens crapauds);OA;INVOC;INVOCATION;"[""E_NEUTRE"", ""UNITE_ALLIEE"", ""ANIMAL""]";plus_dense;"Deux anciens sur les épaules lancent en alternance un jet d'eau (Trempé) et une rafale (recul) ; comptent comme Suiton et Fūton.";"Jet 18 ; rafale 14 ; alternance 1,2 s ; permanente";Deux vieux crapauds de 8 px sur les épaules, gestes alternés.;CTR_CRAPAUD+APT_SENJ;Ne quittent pas le joueur.
JUT_243;Edo Tensei (Réincarnation des âmes);OA;INVOC;INVOCATION;"[""E_NEUTRE"", ""UNITE_ALLIEE""]";plus_proche;Une élite vaincue se relève comme alliée pendant 12 s avec son comportement d'origine (sans son modificateur).;"Dégâts de l'élite × 0,6 ; 1 réanimé actif ; délai interne 20 s";"Corps couvert de fissures grises, cercueil qui s'ouvre (4 frames) ; contour allié.";CHR_030|CHR_060|CHR_063|CHR_064;"Ne fonctionne jamais sur les boss ; inactif sans élite vaincue (carte avertit)."
JUT_244;Kuchiyose — Rashōmon (Porte des démons);OA;INVOC;ZONE;"[""E_NEUTRE"", ""BOUCLIER""]";aucune;Une porte colossale surgit entre le joueur et la plus grande menace et encaisse une attaque lourde (y compris un télégraphe de boss).;"Bloque 1 attaque ; 20 aux ennemis écrasés à l'apparition ; délai 30 s";Porte de 48 px à visage de démon, fissure qui se propage à l'impact.;CHR_030;Seule technique pouvant bloquer un télégraphe de boss : 1 fois / 30 s.
JUT_245;Bunshin no Jutsu (Clone illusoire);OA;INVOC;INVOCATION;"[""E_NEUTRE"", ""UNITE_ALLIEE"", ""CLONE""]";aucune;Deux clones sans substance attirent l'attention : les ennemis proches les ciblent 2 s (aucun dégât).;"0 ; provocation 2 s ; délai 8 s";Clones à 70 % d'opacité, sans ombre au sol (signal de non-matérialité).;LIBRE;—
JUT_246;Tako Bunshin (Clone de tentacule);OA;INVOC;INVOCATION;"[""E_NEUTRE"", ""UNITE_ALLIEE"", ""CLONE""]";plus_proche;"Un clone né d'un tentacule combat ; s'il disparaît de force, il redevient tentacule et fouette en cercle.";"Frappe 20 ; fouet 26 (r 2 m) ; durée 6 s ; délai 10 s";Clone à contour rouge-violet, transformation en tentacule en 4 frames.;CHR_058;—
JUT_247;Kami Bunshin (Clone de papier);OA;INVOC;INVOCATION;"[""E_NEUTRE"", ""UNITE_ALLIEE"", ""CLONE""]";plus_proche;Clone de papier qui, à sa fin, se disperse en 10 shuriken de papier.;"Frappe 12 ; dispersion 10 × 7 ; durée 5 s ; délai 8 s";Silhouette pliée qui se défait en feuilles tournoyantes.;APT_PAPIER;—
JUT_248;Kuchiyose — Aoda;OA;INVOC;INVOCATION;"[""E_NEUTRE"", ""UNITE_ALLIEE"", ""ANIMAL""]";plus_proche;"Grand serpent qui avale un ennemi ordinaire (élimination immédiate) toutes les 3 s ; mord les autres.";"Avalement : ordinaires < 60 PV ; morsure 24 ; durée 10 s ; délai 14 s";Serpent bleu de 48 px, gonflement du corps après avalement.;CTR_SERPENT+CHR_005|CTR_SERPENT+CHR_006;—
JUT_249;Magen — Narakumi no Jutsu (Vision de l'enfer);OA;GENJUTSU;CONE;"[""E_NEUTRE"", ""CONTROLE""]";plus_dense;"Les ennemis d'un cône de 70° (5 m) sont figés d'effroi 1 s ; les coups suivants ×1,2 pendant l'effroi.";"5 ; Étourdi 1 s ; délai 5 s";Feuilles qui tourbillonnent autour des cibles (répétition localisée), silhouettes tremblantes.;APT_GEN;—
JUT_250;Magen — Jubaku Satsu (Mort par l'arbre enserrant);OA;GENJUTSU;DIFFERE;"[""E_NEUTRE"", ""CONTROLE""]";plus_menacant;"Un arbre illusoire enserre la cible 2 s ; à la fin, coup de grâce (×2 si la cible est sous 50 % de PV).";"Coup 40 (80) ; Entravé 2 s ; délai 6 s";Branches qui poussent autour de la cible avec contour violet pâle (illusion), silhouette de Kurenai fugace.;APT_GEN+CHR_066;—
JUT_251;Kokuangyō no Jutsu (Chemin des ténèbres);OA;GENJUTSU;ZONE;"[""E_NEUTRE"", ""CONTROLE"", ""PERSISTANT""]";plus_dense;Zone d'obscurité de 4 m : ennemis Aveuglés et ralentis de 20 %.;"3 par tick de 0,5 s ; durée 4 s ; délai 9 s";Zone assombrie en tramage, ennemis dessinés avec contour clair (la lisibilité joueur est conservée).;APT_GEN;Les télégraphes ennemis restent au-dessus de l'obscurité.
JUT_252;Magen — Kyōten Chiten (Retournement);OA;GENJUTSU;CONTACT;"[""E_NEUTRE"", ""CONTROLE""]";aucune;Réactif : un ennemi qui touche le joueur au contact devient Confus 2 s et subit un contre.;"Contre 16 ; Confus 2 s ; délai interne 1,5 s";Image du joueur qui se dédouble en miroir sur l'agresseur.;APT_GEN;—
JUT_253;Genjutsu sonore;CO;GENJUTSU;ONDE;"[""E_NEUTRE"", ""CONTROLE""]";aucune;"Onde sonore de 4 m : 1 ennemi sur 3 touché (déterministe par ordre de contact) devient Confus 2 s ; les autres ralentissent 1 s.";"8 ; délai 4 s";Anneaux de portée musicale (lignes parallèles), notes stylisées sur les confus.;APT_GEN;—
JUT_254;Nehan Shōja no Jutsu (Temple du Nirvana);OA;GENJUTSU;ZONE;"[""E_NEUTRE"", ""CONTROLE""]";aucune;Plumes qui tombent sur 7 m : les ennemis ordinaires s'endorment 3 s (réveillés par les dégâts).;"0 ; Étourdi 3 s ; délai 20 s";Plumes blanches lentes en 3 plans, ennemis endormis avec bulle de sommeil.;APT_GEN+CHR_063|APT_GEN+CHR_064;"Élites : ralenties 40 % ; boss : Vulnérable +10 %."
JUT_255;Magen — Gamarinshō (Chant des crapauds);OA;GENJUTSU;ONDE;"[""E_NEUTRE"", ""CONTROLE""]";aucune;Chant de 2 s (visible) puis tous les ennemis à 6 m sont paralysés 3 s.;"Paralysie (Étourdi) 3 s ; délai 25 s";Notes qui s'accumulent en cercle, cage d'illusion translucide sur les cibles.;APT_SENJ+CTR_CRAPAUD;Boss : 1 s puis résistance normale.
JUT_256;Faux reflets;CO;GENJUTSU;INVOCATION;"[""E_NEUTRE"", ""UNITE_ALLIEE"", ""CONTROLE""]";aucune;"Trois reflets illusoires du joueur ; un ennemi qui en frappe un devient Confus 2 s et le reflet se brise.";"0 ; délai 10 s";Copies en silhouette violette pâle, bris en éclats de verre.;APT_GEN;Ne sont pas des clones (aucun dégât).
JUT_257;Hallucination de discorde;CO;GENJUTSU;DIFFERE;"[""E_NEUTRE"", ""CONTROLE"", ""MARQUE""]";plus_menacant;Une élite marquée croit voir le joueur parmi ses alliés : elle attaque les ordinaires voisins 3 s.;"Confus renforcé 3 s ; délai 12 s";Masque du joueur superposé aux têtes des ordinaires voisins (vu par l'élite).;APT_GEN;Boss : Vulnérable +10 %.
JUT_258;Distorsion d'espace;CO;GENJUTSU;ZONE;"[""E_NEUTRE"", ""BOUCLIER""]";aucune;Zone de 3 m : les projectiles ennemis ordinaires qui y entrent sont déviés de 40° loin du joueur.;"0 ; durée 4 s ; délai 11 s";Grille déformée en lentille autour du joueur.;APT_GEN;Télégraphes de boss non déviés.
JUT_259;Illusion de terreur;CO;GENJUTSU;ONDE;"[""E_NEUTRE"", ""CONTROLE""]";aucune;Les ennemis à 4 m fuient le joueur 2 s (sans recul physique).;"6 ; fuite 2 s ; délai 8 s";Ombre gigantesque du joueur projetée au sol 0,5 s.;APT_GEN;—
JUT_260;Pétales hypnotiques;CO;GENJUTSU;ZONE;"[""E_NEUTRE"", ""CONTROLE"", ""MOBILE""]";plus_dense;Pétales qui dérivent vers un groupe : dégâts légers, ralentissement 25 % et Confus 1,5 s à l'entrée.;"4 par tick de 0,5 s ; durée 5 s ; délai 8 s";Pétales roses de 2 px à rotation, couche légère.;APT_GEN;Confus 1 fois par cible par zone.
JUT_261;Rembobinage;CO;GENJUTSU;ONDE;"[""E_NEUTRE"", ""CONTROLE""]";aucune;Les ennemis à 5 m rejouent à l'envers leurs 1,5 dernières secondes de déplacement (ils reculent).;"0 ; délai 10 s";Images rémanentes inversées et lignes de balayage horizontales.;APT_GEN;Boss : Vulnérable +5 %.
JUT_262;Faille illusoire;CO;GENJUTSU;RAYON;"[""E_NEUTRE"", ""CONTROLE""]";direction;Une fausse crevasse de 8 m apparaît : les ennemis ordinaires qui l'atteignent s'arrêtent 2 s au bord.;"0 ; Entravé 2 s ; durée 3 s ; délai 7 s";Crevasse dessinée avec contour violet pâle (marqueur d'illusion).;APT_GEN;—
JUT_263;Marque de cauchemar;CO;GENJUTSU;DIFFERE;"[""E_NEUTRE"", ""MARQUE""]";plus_menacant;La cible marquée devient Vulnérable +25 % pendant 3 s.;"Vulnérable +25 % ; délai 5 s";Œil stylisé au-dessus de la cible, contour violet.;APT_GEN;Plafond global de vulnérabilité +50 %.
JUT_264;Contagion d'illusion;CO;GENJUTSU;CHAINE;"[""E_NEUTRE"", ""CONTROLE""]";marque;Toutes les 3 s, chaque ennemi Confus propage la confusion à 1 voisin (portée 2,5 m).;"Confus 1,5 s ; 1 propagation par confus ; délai 3 s";Fil violet entre les cibles, spirale au-dessus des têtes.;APT_GEN;Propagations max 8 par cycle.
JUT_265;Hiraishin — Kunai de marquage;OA;SCEAU;CHAINE;"[""E_NEUTRE"", ""MARQUE""]";plus_dense;"Lance des kunai à formule qui restent plantés ; toutes les 3 s, une image-éclair saute de kunai en kunai et frappe autour de chacun.";"22 par kunai (r 1,5 m) ; max 3 kunai ; délai de lancer 2 s";Kunai à trois pointes avec formule, traînée jaune-blanche en zigzag entre eux.;CHR_041|CHR_042|CHR_060;L'image-éclair n'est pas une unité.
JUT_266;Hiraishin Giri (Coupe du dieu du tonnerre);AV;SCEAU;CONTACT;"[""E_NEUTRE""]";marque;Déplacement volontaire : l'esquive téléporte le joueur au kunai marqué le plus proche dans sa direction et tranche autour.;"45 (r 2 m) ; délai = esquive";Éclair jaune de 1 frame, pose d'arrivée, arc de coupe.;CHR_041|CHR_042|CHR_060;Sans kunai : esquive normale.
JUT_267;Fūja Hōin (Sceau du mal);OA;SCEAU;DIFFERE;"[""E_NEUTRE"", ""CONTROLE"", ""MARQUE""]";plus_menacant;Scelle une élite : −40 % dégâts et vitesse 6 s.;"10 ; affaiblissement 6 s ; délai 12 s";Formule en cercle qui se referme sur la cible, glyphes noirs.;APT_FUIN;Boss : −20 % dégâts 4 s (résistance normale).
JUT_268;Barrière de sceaux;CO;SCEAU;ZONE;"[""E_NEUTRE"", ""BOUCLIER"", ""PERSISTANT""]";aucune;"Carré de 5 m autour du joueur 3 s : projectiles ennemis ordinaires effacés en entrant ; ennemis qui entrent brûlés.";"14 à l'entrée ; délai 16 s";4 étiquettes aux coins, parois de lumière violette.;APT_FUIN;Ne suit pas le joueur.
JUT_269;Rouleau de scellement;CO;SCEAU;DIFFERE;"[""E_NEUTRE"", ""BOUCLIER""]";aucune;Aspire les projectiles ennemis à 2,5 m pendant 1 s, puis les relâche 2 s plus tard en couleur alliée vers les ennemis.;"Relâche : 12 par projectile (max 15) ; délai 10 s";Rouleau qui se déroule, projectiles absorbés en spirale, relâchés en éventail.;APT_FUIN;—
JUT_270;Réseau d'étiquettes;CO;SCEAU;PIEGE;"[""E_NEUTRE"", ""EXPLOSIF""]";chemin;"Pose 3 × 3 étiquettes en grille ; le déclenchement d'une étiquette fait exploser ses voisines en cascade.";"20 par étiquette (r 1,3 m) ; écart de cascade 0,08 s ; délai 8 s";Grille d'étiquettes reliées par lignes fines, explosions en vague.;APT_FUIN;1 grille active.
JUT_271;Gogyō Fūin (Sceau des cinq éléments);OA;SCEAU;DIFFERE;"[""E_NEUTRE"", ""MARQUE""]";plus_menacant;Retire à une élite son modificateur d'élite pendant 8 s.;"15 ; suppression 8 s ; délai 14 s";Cinq doigts lumineux, pentagramme qui s'imprime sur la cible.;APT_FUIN;Sans effet sur les boss (Vulnérable +10 % 4 s).
JUT_272;Hakke no Fūin Shiki (Sceau à huit trigrammes);OA;SCEAU;ONDE;"[""E_NEUTRE""]";aucune;"Stocke 20 % des dégâts subis ; toutes les 8 s, les relâche en onde de 4 m (minimum 10).";"Onde = max(10 ; stock × 3) ; délai 8 s ; plafond 150";Spirale et trigrammes lumineux sur le ventre, anneau à 8 segments.;CLAN_UZUMAKI|CHR_041|CHR_042;—
JUT_273;Cercle de sceaux temporisé;CO;SCEAU;DIFFERE;"[""E_NEUTRE""]";aucune;6 glyphes apparaissent autour du joueur (3 m) et s'activent l'un après l'autre en sens horaire (colonne de lumière).;"18 par glyphe (r 1,2 m) ; écart 0,25 s ; délai 5 s";Glyphes au sol qui s'allument en horloge, colonnes violettes brèves.;APT_FUIN;Les glyphes restent fixes quand le joueur bouge.
JUT_274;Sceau d'héritage;CO;SCEAU;DIFFERE;"[""E_NEUTRE"", ""MARQUE""]";plus_proche;"Marque un ennemi ; s'il meurt Marqué, la marque passe à 3 voisins (max 2 générations).";"8 ; Marqué 6 s ; délai 3 s";Sceau qui se divise en trois lignes vers les voisins.;APT_FUIN;Profondeur 2 (règle §B8.2).
JUT_275;Shishō Fūin (Sceau des quatre symboles);AV;SCEAU;ZONE;"[""E_NEUTRE"", ""PERSISTANT""]";plus_dense;Cercle de 4 m : les invocateurs dedans ne peuvent plus invoquer, les soigneurs ne soignent plus.;"6 par tick de 0,5 s ; durée 5 s ; délai 12 s";Quatre symboles aux points cardinaux, cercle lent.;APT_FUIN;—
JUT_276;Étiquette de silence;CO;SCEAU;PROJECTILE;"[""E_NEUTRE"", ""CONTROLE""]";plus_menacant;Étiquette qui interrompt et empêche les attaques à distance d'un tireur ou contrôleur 3 s (priorité à ceux qui télégraphient).;"10 ; silence 3 s ; délai 4 s";Étiquette collée sur la bouche/l'arme, trait barré.;APT_FUIN;Boss : interrompt un télégraphe mineur, jamais un majeur.
JUT_277;Gyaku Kuchiyose (Rappel des invocations);OA;SCEAU;DIFFERE;"[""E_NEUTRE"", ""MARQUE""]";plus_menacant;Toutes les 6 s, toutes les unités alliées se téléportent sur l'ennemi Marqué le plus menaçant et frappent ensemble (+30 % sur cette frappe).;"Marque 6 ; bonus +30 % ; délai 6 s";Sceau d'invocation au sol, bouffées de fumée synchrones.;APT_FUIN;Sans unité alliée : marque seule (carte avertit).
JUT_278;Rouleau de barrière à sens unique;CO;SCEAU;ZONE;"[""E_NEUTRE"", ""BOUCLIER"", ""PERSISTANT""]";aucune;Déroule une barrière de 6 m derrière le joueur : les ennemis ne la franchissent pas, le joueur et ses projectiles oui.;"10 au contact ; durée 5 s ; délai 12 s";Rouleau au sol, paroi de caractères verticaux, flèche de sens discrète.;APT_FUIN;Jamais fermée sur un obstacle (brèches de 2 m aux extrémités).
JUT_279;Sceau de résonance;CO;SCEAU;DIFFERE;"[""E_NEUTRE"", ""MARQUE"", ""EXPLOSIF""]";marque;Quand 5 ennemis ou plus sont Marqués, toutes les marques détonent ensemble.;"30 par marque (r 1,5 m) ; délai interne 4 s";Les marques vibrent à l'unisson puis éclatent simultanément (son unique groupé).;APT_FUIN;Consomme les marques.
JUT_280;Sceau de lien;CO;SCEAU;CHAINE;"[""E_NEUTRE"", ""MARQUE""]";plus_menacant;Lie la cible la plus menaçante à 2 voisins : 40 % des dégâts qu'elle subit sont copiés sur eux.;"Copie 40 % (SECONDAIRE) ; durée 5 s ; délai 8 s";Chaînes de caractères reliant les cibles.;APT_FUIN;Les dégâts copiés ne se recopient pas.
JUT_281;Rasengan (Orbe tourbillonnant);OA;CLAN;CONTACT;"[""E_NEUTRE"", ""EXPLOSIF""]";plus_menacant;Concentre un orbe (0,3 s), puis une image de frappe le projette dans la cible la plus proche (≤ 3 m) : impact et onde de 1,5 m qui repousse.;"Impact 26 ; onde 10 ; recul 1,5 m ; délai 2,2 s";"Sphère de 12 px à rotation interne (6 frames), anneaux de pression à l'impact ; le personnage reste visible (orbe tenu devant la main).";APT_RASEN;Voir fiche approfondie (8 niveaux).
JUT_282;Kagemane no Jutsu (Imitation d'ombre);OA;CLAN;RAYON;"[""E_NEUTRE"", ""CONTROLE"", ""TERRAIN""]";plus_menacant;"L'ombre du joueur s'étire jusqu'à 7 m et immobilise la première cible touchée ; se ramifie vers 1 cible supplémentaire à 2 m.";"Lié par l'ombre 2 s ; délai 5 s ; crée une surface OMBRE sur le trajet";Ruban noir plat au sol à bord net (surface graphique), jonction en crochet.;CLAN_NARA;Boss : soumis à la résistance de contrôle.
JUT_283;Kage Kubi Shibari (Étranglement de l'ombre);OA;CLAN;ZONE;"[""E_NEUTRE""]";marque;"Des mains d'ombre étranglent toutes les cibles Liées par l'ombre : dégâts continus ; sans cible liée, étreint la plus proche à 50 %.";"12 par tick de 0,5 s ; durée 2 s ; délai 4 s";Mains plates noires qui grimpent sur la silhouette en 3 frames.;CLAN_NARA;—
JUT_284;Kage Nui (Couture de l'ombre);OA;CLAN;CHAINE;"[""E_NEUTRE"", ""PERCANT""]";plus_proche;Aiguilles d'ombre qui piquent puis se prolongent d'ennemi en ennemi via les surfaces OMBRE (portée doublée sur l'ombre).;"16 ; 5 cibles ; portée 3 m (6 m sur OMBRE) ; délai 2 s";Fils d'ombre à pointe, tracés en courbes nettes.;CLAN_NARA;—
JUT_285;Nikudan Sensha (Char d'assaut humain);OA;CLAN;PROJECTILE;"[""E_NEUTRE"", ""PERCANT"", ""REBOND""]";plus_dense;Une boule roulante (image de Chōji agrandi) traverse les groupes et ricoche 2 fois sur le décor.;"30 ; recul 1,5 m ; délai 4,0 s ; vitesse 9 m/s";Boule de 24 px roulante (4 frames), traces au sol.;CLAN_AKIMICHI;Le joueur ne se déplace pas.
JUT_286;Bubun Baika (Expansion partielle);OA;CLAN;CONTACT;"[""E_NEUTRE""]";plus_dense;"Le bras grossit et écrase un cône de 4 m ; très lourd, lent.";"55 ; recul 2 m ; délai 3,5 s";Main géante de 40 px en anticipation 3 frames, impact avec déformation du sol.;CLAN_AKIMICHI;—
JUT_287;Chō Baika (Super expansion);OA;CLAN;ONDE;"[""E_NEUTRE""]";aucune;Le joueur grandit brièvement (sprite ×1,5, hitbox inchangée) et s'écrase : onde de 5 m.;"48 ; délai 10 s";Agrandissement par sprite dédié (pas de mise à l'échelle), anneau de poussière.;CLAN_AKIMICHI;Hitbox du joueur toujours 0,375 m.
JUT_288;Shintenshin no Jutsu (Transfert d'esprit);OA;CLAN;DIFFERE;"[""E_NEUTRE"", ""CONTROLE""]";plus_menacant;Prend le contrôle d'une élite 4 s : elle combat pour le joueur (sans modificateur).;"Contrôle 4 s ; délai 16 s";Rayon de ciblage en losange, élite recolorée en couleur alliée.;CLAN_YAMANAKA;Boss : Étourdi 0,5 s (résistance normale).
JUT_289;Shinranshin no Jutsu (Confusion de l'esprit);OA;CLAN;CONE;"[""E_NEUTRE"", ""CONTROLE""]";plus_dense;Cône de 50° : jusqu'à 4 ennemis deviennent Confus 3 s.;"0 ; délai 6 s";Ondes en losanges, spirale au-dessus des cibles.;CLAN_YAMANAKA;—
JUT_290;Barrière sensorielle;AV;CLAN;ZONE;"[""E_NEUTRE"", ""SENSEUR"", ""MARQUE""]";aucune;Détecte les ennemis à 14 m (y compris hors écran) et Marque les 3 plus menaçants : +10 % de chance critique contre eux.;"Marque 6 s ; délai 6 s";Indicateurs de bord d'écran en losange, marques sur cibles.;CLAN_YAMANAKA;—
JUT_291;Kikaichū (Essaim d'insectes);OA;CLAN;INVOCATION;"[""E_NEUTRE"", ""UNITE_ALLIEE""]";plus_dense;Un essaim organisé (1 unité logique, 30 insectes décoratifs) enveloppe un groupe et Parasite.;"3 par tick de 0,5 s + Parasité +1 ; rayon 1,5 m ; permanente";Nuée en formation (boids décoratifs), sons de bourdonnement groupés.;CLAN_ABURAME;Les insectes ne sont pas des objets physiques (§G5).
JUT_292;Mushi Kame (Dôme d'insectes);OA;CLAN;ORBITE;"[""E_NEUTRE"", ""BOUCLIER""]";aucune;Une coque d'insectes absorbe 3 projectiles puis se disperse en Parasitant à 2 m.;"3 charges ; dispersion Parasité +2 ; délai 9 s";Coque granuleuse sombre à contour clair, dispersion en nuée.;CLAN_ABURAME;—
JUT_293;Mushidama (Balles d'insectes);AV;CLAN;SALVE;"[""E_NEUTRE""]";plus_proche;"3 balles d'insectes compactes ; à l'impact, elles se déploient et Parasitent en zone.";"12 + Parasité +1 (r 1 m) ; délai 1,6 s";Boules noires à scintillement, éclatement en points.;CLAN_ABURAME;—
JUT_294;Gatsūga (Double crocs perforants);OA;CLAN;CONTACT;"[""E_NEUTRE"", ""PERCANT""]";plus_dense;Deux tornades-vrilles (images de Kiba et d'Akamaru) traversent les groupes en X. Si Akamaru est possédé, la seconde vrille part d'Akamaru.;"2 × 26 ; longueur 7 m ; délai 3,0 s";Deux vrilles grises à traînée, croisement lisible.;CLAN_INUZUKA;—
JUT_295;Garōga (Crocs du loup bicéphale);OA;CLAN;CONTACT;"[""E_NEUTRE"", ""PERCANT"", ""EXPLOSIF""]";plus_dense;Une vrille géante à deux têtes de loup fore en ligne sur 9 m puis creuse un cratère.;"60 ; cratère 30 (r 2,5 m) ; délai 9 s";Vrille de 32 px à deux gueules, sol labouré.;CHR_023;—
JUT_296;Jūken (Poing souple);OA;CLAN;CONTACT;"[""E_NEUTRE""]";plus_proche;Frappes de paume qui ferment les points de chakra : −20 % dégâts infligés par la cible 3 s.;"3 × 9 ; délai 1,0 s";Paumes avec onde fine, points bleus sur la cible.;CLAN_HYUGA;Boss : −10 %.
JUT_297;Hakkeshō Kaiten (Rotation céleste);OA;CLAN;ONDE;"[""E_NEUTRE"", ""BOUCLIER""]";aucune;Dôme de chakra en rotation (2,2 m) qui repousse et détruit les projectiles ordinaires.;"24 ; recul 2,5 m ; délai 6 s";Dôme bleu clair strié en rotation (4 frames), sol creusé en cercle.;CLAN_HYUGA;—
JUT_298;Hakke Rokujūyon Shō (Soixante-quatre paumes);OA;CLAN;CONTACT;"[""E_NEUTRE"", ""CONTROLE""]";plus_menacant;"64 frappes en 1,6 s dans le champ des trigrammes (2 m) ; la dernière projette ; la cible principale est Étourdie.";"64 × 2 (cible principale), 16 × 2 aux autres ; Étourdi 1 s ; délai 9 s";Octogone de trigrammes au sol, compteur visuel 2-4-8-16-32-64 en chiffres stylisés.;CLAN_HYUGA;—
JUT_299;Hakke Kūshō (Paume du vide);OA;CLAN;PROJECTILE;"[""E_NEUTRE""]";plus_menacant;Paume qui projette une onde d'air compacte à 8 m.;"28 ; recul 2 m ; délai 1,8 s";Onde en demi-lune translucide.;CLAN_HYUGA;—
JUT_300;Jūho Sōshiken (Poings jumeaux du lion);OA;CLAN;CONTACT;"[""E_NEUTRE""]";plus_proche;"Deux têtes de lion de chakra prolongent les poings (allonge 2,5 m) ; chaque coup draine 0,5 chakra.";"2 × 18 ; délai 1,2 s";Têtes de lion bleues au contour net autour des mains.;CHR_018;Plafond de chakra global.
JUT_301;Kongō Fūsa (Chaînes de scellement adamantines);OA;CLAN;CHAINE;"[""E_NEUTRE"", ""CONTROLE""]";plus_menacant;Des chaînes jaillissent du dos, harponnent 3 cibles et les Entravent 2 s.;"22 ; 3 cibles ; délai 6 s";Chaînes dorées à maillons carrés, point d'ancrage sur le dos du personnage.;CLAN_UZUMAKI+APT_FUIN;Boss : Entravé réduit par résistance.
JUT_302;Tsubaki no Mai (Danse du camélia);OA;CLAN;CONTACT;"[""E_NEUTRE""]";plus_proche;Épée d'os : estocades rapides en série (4) avec parade intégrée (annule 1 projectile par série).;"4 × 11 ; délai 1,2 s";Épée blanche ivoire, estocs en traits nets.;CLAN_KAGUYA;—
JUT_303;Sawarabi no Mai (Danse des fougères);OA;CLAN;ZONE;"[""E_NEUTRE"", ""PERSISTANT""]";plus_dense;Une forêt d'os jaillit sur 5 m : dégâts à l'émergence, puis les os restent 3 s comme obstacles tranchants.;"40 ; contact 8 par tick de 0,5 s ; délai 14 s";Pics d'os blancs à ombre grise, émergence en vague.;CLAN_KAGUYA;Jamais sur le joueur (cercle libre de 1,5 m).
JUT_304;Mizu Teppō (Pistolet à eau);OA;CLAN;PROJECTILE;"[""E_SUITON"", ""PERCANT""]";plus_proche;"Tir d'eau très rapide depuis le doigt, perce 3 et Trempe ; le corps liquéfié du joueur réduit de 20 % les dégâts de contact.";"14 ; délai 0,7 s ; vitesse 22 m/s";Goutte allongée, main aqueuse.;CLAN_HOZUKI;—
JUT_305;Sharingan — Œil copieur;OA;OCULAIRE;PROJECTILE;"[""E_NEUTRE""]";plus_menacant;Mémorise le dernier projectile ennemi vu et en tire une copie alliée plus puissante vers son auteur.;"Dégâts de l'original × 1,5 (min 15) ; délai 3 s";Tomoe qui tournent sur l'icône, copie recolorée en couleur alliée.;DOJ_SHARINGAN;Sans projectile vu : tir de chakra 15.
JUT_306;Sharingan — Contre prédictif;CO;OCULAIRE;CONTACT;"[""E_NEUTRE""]";plus_menacant;Quand un ennemi commence un télégraphe vers le joueur, une image de frappe l'interrompt (sauf boss majeur).;"35 ; délai interne 3 s";Éclair rouge dans l'œil du portrait, image rouge qui frappe.;DOJ_SHARINGAN;Boss : dégâts seulement.
JUT_307;Sharingan — Hypnose;OA;OCULAIRE;CONE;"[""E_NEUTRE"", ""CONTROLE""]";direction;Les ennemis qui font face au joueur dans un cône de 60° (6 m) sont Étourdis 1,5 s (5 max).;"6 ; délai 6 s";Motif de tomoe en spirale dans le cône (répétition graphique).;DOJ_SHARINGAN;—
JUT_308;Tsukuyomi;OA;OCULAIRE;DIFFERE;"[""E_NEUTRE"", ""CONTROLE""]";plus_menacant;Une élite plonge dans une illusion : Étourdie 3 s et subit des dégâts continus massifs.;"20 par tick de 0,5 s ; délai 14 s";Cible en négatif (palette inversée localement) avec lune rouge au-dessus.;DOJ_MANGEKYO+CHR_031|DOJ_MANGEKYO+CHR_032;"Boss : 0,5 s d'étourdissement max ; dégâts conservés."
JUT_309;Amaterasu;OA;OCULAIRE;DIFFERE;"[""E_NEUTRE""]";plus_menacant;"Flammes noires sur la cible (Brûlure noire 5 cumuls, ×2) ; à sa mort, elles passent à l'ennemi le plus proche.";"Brûlure noire 5 cumuls ; 2 transmissions max ; délai 8 s";"Flammes noires à contour blanc 1 px et liseré rouge ; restent lisibles sur fond sombre.";DOJ_MANGEKYO+CHR_031|DOJ_MANGEKYO+CHR_032|DOJ_MANGEKYO+CHR_006;Ne compte pas comme Katon (famille OCULAIRE, tag E_NEUTRE).
JUT_310;Kamui (Distorsion à distance);OA;OCULAIRE;DIFFERE;"[""E_NEUTRE""]";plus_dense;Spirale d'espace sur une zone de 1,5 m : élimine les ordinaires sous 40 % de PV, blesse les autres.;"50 ; délai d'impact 0,8 s ; délai 7 s";Spirale qui aspire les pixels vers son centre, silhouette déformée.;DOJ_MANGEKYO+CHR_009|CHR_061|CHR_062;Élites et boss : dégâts uniquement.
JUT_311;Kamui (Intangibilité);OA;OCULAIRE;CONTACT;"[""E_NEUTRE"", ""BOUCLIER""]";aucune;"Toutes les 6 s, le premier coup qui toucherait le joueur le traverse ; l'agresseur au contact subit une distorsion.";"Distorsion 20 ; délai 6 s";Joueur qui se tord en spirale 0,3 s (reste visible, contour conservé).;CHR_061|CHR_062;Compte comme invulnérabilité de 0,3 s.
JUT_312;Byakugan — Points vitaux;OA;OCULAIRE;ZONE;"[""E_NEUTRE"", ""SENSEUR"", ""MARQUE""]";aucune;"Vision à 360° (12 m) : Marque 3 ennemis ; les 3 prochains coups sur chacun font +40 %.";"Bonus +40 % additif ; délai 5 s";Veines autour des yeux du portrait, marques en réseau de points.;DOJ_BYAKUGAN;—
JUT_313;Rinnegan — Shinra Tensei (Répulsion divine);OA;OCULAIRE;ONDE;"[""E_NEUTRE"", ""BOUCLIER""]";aucune;Onde de répulsion de 6 m qui repousse fortement, détruit tous les projectiles ordinaires et blesse.;"30 ; recul 4 m ; délai 10 s";Anneau blanc qui plie le décor (distorsion), débris projetés.;DOJ_RINNEGAN;Recul réduit dans les zones alliées.
JUT_314;Rinnegan — Bansho Ten'in (Attraction universelle);OA;OCULAIRE;RAYON;"[""E_NEUTRE"", ""ATTRACTION""]";plus_dense;"Attire violemment un groupe vers un point à 2 m devant le joueur ; ceux qui s'entrechoquent subissent des dégâts.";"Collision 20 ; délai 7 s";Lignes de force convergentes, impact au point focal.;DOJ_RINNEGAN;"Ordinaires uniquement ; point focal jamais sur le joueur."
JUT_315;Rinnegan — Gakidō (Absorption);OA;OCULAIRE;ORBITE;"[""E_NEUTRE"", ""BOUCLIER""]";aucune;Absorbe les projectiles ennemis de nature ninjutsu à 1,5 m et les convertit en bouclier.;"Bouclier +3 par projectile (max 30) ; permanente";Cercle de symboles tournant, projectiles aspirés dans la paume.;DOJ_RINNEGAN;Plafond de bouclier §B4.5.
JUT_316;Rinnegan — Ningendō (Extraction d'âme);OA;OCULAIRE;CONTACT;"[""E_NEUTRE""]";plus_proche;Arrache l'âme d'un ennemi ordinaire sous 50 % de PV (élimination), blesse les autres.;"30 ; délai 2,5 s";Silhouette lumineuse tirée hors du corps en 4 frames.;DOJ_RINNEGAN;—
JUT_317;Rinnegan — Shuradō (Missiles);OA;OCULAIRE;SALVE;"[""E_NEUTRE"", ""EXPLOSIF""]";plus_dense;4 missiles à tête chercheuse depuis le bras mécanique, explosion en zone.;"22 (r 1,6 m) ; délai 3,5 s";Missiles gris à fumée courte, bras qui s'ouvre en 3 frames.;DOJ_RINNEGAN;—
JUT_318;Bras de Susanoo;OA;OCULAIRE;CONTACT;"[""E_NEUTRE""]";plus_dense;Un bras spectral géant balaie un arc de 120° à 5 m.;"42 ; délai 3,0 s";Bras de chakra translucide (couleur du porteur) à contour épais, dessiné au-dessus du sol mais sous les télégraphes.;DOJ_MANGEKYO;—
JUT_319;Kotoamatsukami;OA;OCULAIRE;DIFFERE;"[""E_NEUTRE"", ""CONTROLE""]";plus_menacant;Convertit une élite en alliée jusqu'à sa mort (1 à la fois).;"Élite alliée, dégâts × 0,8 ; délai 45 s";Corbeau lumineux, élite recolorée en couleur alliée.;CHR_078;Boss : Étourdi 1 s (résistance normale).
JUT_320;Tengai Shinsei (Chute de météore);OA;OCULAIRE;DIFFERE;"[""E_NEUTRE"", ""EXPLOSIF""]";plus_dense;Ombre croissante pendant 2,5 s, puis un météore s'écrase sur 5 m.;"140 ; délai 24 s";"Ombre au sol qui grandit par paliers, rocher de 64 px ; onde sans flash plein écran.";CHR_044;Micro-pause locale uniquement.
